"id_arbre";"DBH_BMP";"id_branche";"diam_BMP.cm";"diam_BMP.m";"long_BMP.m";"sd_saprox_BMP";"H_BMP.m";"Rq";"massif";"plot";"num_arbre";"sp";"note_DEPERIS";"H_bas_houppier.m";"L_houppier.m";"DBH.cm";"H_arbre.m";"f_elancement";"note_DEPERIS_simpl";"vol.m2";"strate_BMP"
"T_118_1";68;1;5;0.05;8;3;9;"";"Troncais";118;1;"Quercus_petraea";"D";15.8;20.2;68;36;52.9411764705882;"deperissant";0.015707963267949;"2t"
"T_118_1";68;2;5;0.05;2;4;21;"";"Troncais";118;1;"Quercus_petraea";"D";15.8;20.2;68;36;52.9411764705882;"deperissant";0.00392699081698724;"h1"
"T_118_1";68;3;5;0.05;2;2;25;"";"Troncais";118;1;"Quercus_petraea";"D";15.8;20.2;68;36;52.9411764705882;"deperissant";0.00392699081698724;"h2"
"T_118_1";68;4;5;0.05;2;1;24;"";"Troncais";118;1;"Quercus_petraea";"D";15.8;20.2;68;36;52.9411764705882;"deperissant";0.00392699081698724;"h2"
"T_118_1";68;5;5;0.05;1;3;30.5;"";"Troncais";118;1;"Quercus_petraea";"D";15.8;20.2;68;36;52.9411764705882;"deperissant";0.00196349540849362;"h3"
"T_118_1";68;6;5;0.05;1;3;26.5;"";"Troncais";118;1;"Quercus_petraea";"D";15.8;20.2;68;36;52.9411764705882;"deperissant";0.00196349540849362;"h2"
"T_118_1";68;7;5;0.05;5;1;27;"";"Troncais";118;1;"Quercus_petraea";"D";15.8;20.2;68;36;52.9411764705882;"deperissant";0.0098174770424681;"h2"
"T_118_1";68;8;5;0.05;1;2;30.5;"";"Troncais";118;1;"Quercus_petraea";"D";15.8;20.2;68;36;52.9411764705882;"deperissant";0.00196349540849362;"h3"
"T_118_1";68;9;10;0.1;1;3;25;"";"Troncais";118;1;"Quercus_petraea";"D";15.8;20.2;68;36;52.9411764705882;"deperissant";0.00785398163397448;"h2"
"T_118_2";68;1;10;0.1;2;4;18.5;"";"Troncais";118;2;"Quercus_petraea";"D";15;21;68;36;52.9411764705882;"deperissant";0.015707963267949;"h1"
"T_118_2";68;2;5;0.05;1;4;20;"";"Troncais";118;2;"Quercus_petraea";"D";15;21;68;36;52.9411764705882;"deperissant";0.00196349540849362;"h1"
"T_118_2";68;3;5;0.05;1;2;24.5;"";"Troncais";118;2;"Quercus_petraea";"D";15;21;68;36;52.9411764705882;"deperissant";0.00196349540849362;"h2"
"T_118_2";68;4;5;0.05;1;2;24;"";"Troncais";118;2;"Quercus_petraea";"D";15;21;68;36;52.9411764705882;"deperissant";0.00196349540849362;"h2"
"T_118_2";68;5;5;0.05;2;2;25;"";"Troncais";118;2;"Quercus_petraea";"D";15;21;68;36;52.9411764705882;"deperissant";0.00392699081698724;"h2"
"T_118_2";68;6;10;0.1;3;2;25.5;"";"Troncais";118;2;"Quercus_petraea";"D";15;21;68;36;52.9411764705882;"deperissant";0.0235619449019235;"h2"
"T_118_2";68;7;10;0.1;1;2;27.5;"";"Troncais";118;2;"Quercus_petraea";"D";15;21;68;36;52.9411764705882;"deperissant";0.00785398163397448;"h2"
"T_118_2";68;8;5;0.05;3;2;27.5;"";"Troncais";118;2;"Quercus_petraea";"D";15;21;68;36;52.9411764705882;"deperissant";0.00589048622548086;"h2"
"T_118_2";68;9;10;0.1;3;3;28;"";"Troncais";118;2;"Quercus_petraea";"D";15;21;68;36;52.9411764705882;"deperissant";0.0235619449019235;"h2"
"T_118_2";68;10;10;0.1;4;3;28;"";"Troncais";118;2;"Quercus_petraea";"D";15;21;68;36;52.9411764705882;"deperissant";0.0314159265358979;"h2"
"T_118_2";68;11;5;0.05;1;3;25;"";"Troncais";118;2;"Quercus_petraea";"D";15;21;68;36;52.9411764705882;"deperissant";0.00196349540849362;"h2"
"T_118_2";68;12;5;0.05;1;3;30;"";"Troncais";118;2;"Quercus_petraea";"D";15;21;68;36;52.9411764705882;"deperissant";0.00196349540849362;"h3"
"T_118_2";68;13;10;0.1;4;3;28;"";"Troncais";118;2;"Quercus_petraea";"D";15;21;68;36;52.9411764705882;"deperissant";0.0314159265358979;"h2"
"T_118_2";68;14;10;0.1;4;2;31.5;"";"Troncais";118;2;"Quercus_petraea";"D";15;21;68;36;52.9411764705882;"deperissant";0.0314159265358979;"h3"
"T_118_3";62;1;15;0.15;1;4;18;"";"Troncais";118;3;"Quercus_petraea";"E";17.5;15.5;62;33;53.2258064516129;"deperissant";0.0176714586764426;"h1"
"T_118_3";62;2;5;0.05;1;2;31.5;"";"Troncais";118;3;"Quercus_petraea";"E";17.5;15.5;62;33;53.2258064516129;"deperissant";0.00196349540849362;"h3"
"T_118_3";62;3;5;0.05;2;2;31.5;"";"Troncais";118;3;"Quercus_petraea";"E";17.5;15.5;62;33;53.2258064516129;"deperissant";0.00392699081698724;"h3"
"T_118_3";62;4;5;0.05;3;1;28.5;"";"Troncais";118;3;"Quercus_petraea";"E";17.5;15.5;62;33;53.2258064516129;"deperissant";0.00589048622548086;"h3"
"T_118_3";62;5;10;0.1;2;2;27.5;"";"Troncais";118;3;"Quercus_petraea";"E";17.5;15.5;62;33;53.2258064516129;"deperissant";0.015707963267949;"h2"
"T_118_3";62;6;10;0.1;5;2;28;"";"Troncais";118;3;"Quercus_petraea";"E";17.5;15.5;62;33;53.2258064516129;"deperissant";0.0392699081698724;"h3"
"T_118_3";62;7;5;0.05;1;3;28;"";"Troncais";118;3;"Quercus_petraea";"E";17.5;15.5;62;33;53.2258064516129;"deperissant";0.00196349540849362;"h3"
"T_118_3";62;8;5;0.05;1;4;17.5;"";"Troncais";118;3;"Quercus_petraea";"E";17.5;15.5;62;33;53.2258064516129;"deperissant";0.00196349540849362;"2t"
"T_118_3";62;9;10;0.1;3;2;27.5;"";"Troncais";118;3;"Quercus_petraea";"E";17.5;15.5;62;33;53.2258064516129;"deperissant";0.0235619449019235;"h2"
"T_118_3";62;10;5;0.05;2;3;28;"";"Troncais";118;3;"Quercus_petraea";"E";17.5;15.5;62;33;53.2258064516129;"deperissant";0.00392699081698724;"h3"
"T_118_4";52;1;5;0.05;3;4;14;"";"Troncais";118;4;"Quercus_petraea";"E";15;18;52;33;63.4615384615385;"deperissant";0.00589048622548086;"2t"
"T_118_4";52;2;5;0.05;2;3;17.5;"";"Troncais";118;4;"Quercus_petraea";"E";15;18;52;33;63.4615384615385;"deperissant";0.00392699081698724;"h1"
"T_118_4";52;3;10;0.1;4;2;22.5;"";"Troncais";118;4;"Quercus_petraea";"E";15;18;52;33;63.4615384615385;"deperissant";0.0314159265358979;"h2"
"T_118_4";52;4;15;0.15;6;3;27.5;"";"Troncais";118;4;"Quercus_petraea";"E";15;18;52;33;63.4615384615385;"deperissant";0.106028752058656;"h3"
"T_118_4";52;5;15;0.15;4;2;26.5;"";"Troncais";118;4;"Quercus_petraea";"E";15;18;52;33;63.4615384615385;"deperissant";0.0706858347057703;"h2"
"T_118_4";52;6;10;0.1;6;4;17.5;"";"Troncais";118;4;"Quercus_petraea";"E";15;18;52;33;63.4615384615385;"deperissant";0.0471238898038469;"h1"
"T_118_4";52;7;10;0.1;3;2;24.5;"";"Troncais";118;4;"Quercus_petraea";"E";15;18;52;33;63.4615384615385;"deperissant";0.0235619449019235;"h2"
"T_118_4";52;8;5;0.05;1;3;26.5;"";"Troncais";118;4;"Quercus_petraea";"E";15;18;52;33;63.4615384615385;"deperissant";0.00196349540849362;"h2"
"T_118_4";52;9;5;0.05;1;2;26.5;"";"Troncais";118;4;"Quercus_petraea";"E";15;18;52;33;63.4615384615385;"deperissant";0.00196349540849362;"h2"
"T_118_4";52;10;15;0.15;4;2;26;"";"Troncais";118;4;"Quercus_petraea";"E";15;18;52;33;63.4615384615385;"deperissant";0.0706858347057703;"h2"
"T_118_4";52;11;15;0.15;9;2;22.5;"";"Troncais";118;4;"Quercus_petraea";"E";15;18;52;33;63.4615384615385;"deperissant";0.159043128087983;"h2"
"T_118_4";52;12;15;0.15;8;2;25;"";"Troncais";118;4;"Quercus_petraea";"E";15;18;52;33;63.4615384615385;"deperissant";0.141371669411541;"h2"
"T_118_4";52;13;10;0.1;7;2;NA;"";"Troncais";118;4;"Quercus_petraea";"E";15;18;52;33;63.4615384615385;"deperissant";0.0549778714378214;NA
"T_19_1";102;1;10;0.1;2;2;30;"";"Troncais";19;1;"Quercus_petraea";"C";19.4;24.6;102;44;43.1372549019608;"sain";0.015707963267949;"h2"
"T_19_1";102;2;5;0.05;2;2;36;"";"Troncais";19;1;"Quercus_petraea";"C";19.4;24.6;102;44;43.1372549019608;"sain";0.00392699081698724;"h3"
"T_19_1";102;3;15;0.15;1;2;33;"";"Troncais";19;1;"Quercus_petraea";"C";19.4;24.6;102;44;43.1372549019608;"sain";0.0176714586764426;"h2"
"T_19_1";102;4;15;0.15;1;3;27.5;"";"Troncais";19;1;"Quercus_petraea";"C";19.4;24.6;102;44;43.1372549019608;"sain";0.0176714586764426;"h1"
"T_19_1";102;5;10;0.1;2;4;19;"";"Troncais";19;1;"Quercus_petraea";"C";19.4;24.6;102;44;43.1372549019608;"sain";0.015707963267949;"2t"
"T_19_1";102;6;15;0.15;1;3;24;"";"Troncais";19;1;"Quercus_petraea";"C";19.4;24.6;102;44;43.1372549019608;"sain";0.0176714586764426;"h1"
"T_19_1";102;7;5;0.05;4;4;25;"";"Troncais";19;1;"Quercus_petraea";"C";19.4;24.6;102;44;43.1372549019608;"sain";0.00785398163397448;"h1"
"T_19_1";102;8;10;0.1;4;3;30;"";"Troncais";19;1;"Quercus_petraea";"C";19.4;24.6;102;44;43.1372549019608;"sain";0.0314159265358979;"h2"
"T_19_2";72;1;15;0.15;2;4;35;"";"Troncais";19;2;"Quercus_petraea";"E";15.5;28.5;72;44;61.1111111111111;"deperissant";0.0353429173528852;"h3"
"T_19_2";72;2;10;0.1;1;3;37;"";"Troncais";19;2;"Quercus_petraea";"E";15.5;28.5;72;44;61.1111111111111;"deperissant";0.00785398163397448;"h3"
"T_19_2";72;3;10;0.1;1;3;38;"";"Troncais";19;2;"Quercus_petraea";"E";15.5;28.5;72;44;61.1111111111111;"deperissant";0.00785398163397448;"h3"
"T_19_2";72;4;10;0.1;2;3;21;"";"Troncais";19;2;"Quercus_petraea";"E";15.5;28.5;72;44;61.1111111111111;"deperissant";0.015707963267949;"h1"
"T_19_2";72;5;15;0.15;3;3;25.5;"";"Troncais";19;2;"Quercus_petraea";"E";15.5;28.5;72;44;61.1111111111111;"deperissant";0.0530143760293278;"h2"
"T_19_2";72;6;10;0.1;3;3;26;"";"Troncais";19;2;"Quercus_petraea";"E";15.5;28.5;72;44;61.1111111111111;"deperissant";0.0235619449019235;"h2"
"T_19_2";72;7;10;0.1;1;3;36;"";"Troncais";19;2;"Quercus_petraea";"E";15.5;28.5;72;44;61.1111111111111;"deperissant";0.00785398163397448;"h3"
"T_19_2";72;8;20;0.2;1;2;38;"";"Troncais";19;2;"Quercus_petraea";"E";15.5;28.5;72;44;61.1111111111111;"deperissant";0.0314159265358979;"h3"
"T_19_2";72;9;10;0.1;1;3;38;"";"Troncais";19;2;"Quercus_petraea";"E";15.5;28.5;72;44;61.1111111111111;"deperissant";0.00785398163397448;"h3"
"T_19_2";72;10;10;0.1;2;3;36;"";"Troncais";19;2;"Quercus_petraea";"E";15.5;28.5;72;44;61.1111111111111;"deperissant";0.015707963267949;"h3"
"T_19_2";72;11;10;0.1;1;3;28.5;"";"Troncais";19;2;"Quercus_petraea";"E";15.5;28.5;72;44;61.1111111111111;"deperissant";0.00785398163397448;"h2"
"T_19_3";68;1;10;0.1;8;3;26;"";"Troncais";19;3;"Quercus_petraea";"D";21;22;68;43;63.2352941176471;"deperissant";0.0628318530717959;"h1"
"T_19_3";68;2;5;0.05;2;4;26;"";"Troncais";19;3;"Quercus_petraea";"D";21;22;68;43;63.2352941176471;"deperissant";0.00392699081698724;"h1"
"T_19_3";68;3;5;0.05;1;2;32.5;"";"Troncais";19;3;"Quercus_petraea";"D";21;22;68;43;63.2352941176471;"deperissant";0.00196349540849362;"h2"
"T_19_3";68;4;5;0.05;1;3;34.5;"";"Troncais";19;3;"Quercus_petraea";"D";21;22;68;43;63.2352941176471;"deperissant";0.00196349540849362;"h2"
"T_19_3";68;5;5;0.05;1;3;41;"";"Troncais";19;3;"Quercus_petraea";"D";21;22;68;43;63.2352941176471;"deperissant";0.00196349540849362;"h3"
"T_19_3";68;6;5;0.05;1;3;40;"";"Troncais";19;3;"Quercus_petraea";"D";21;22;68;43;63.2352941176471;"deperissant";0.00196349540849362;"h3"
"T_19_3";68;7;10;0.1;2;2;30;"";"Troncais";19;3;"Quercus_petraea";"D";21;22;68;43;63.2352941176471;"deperissant";0.015707963267949;"h2"
"T_19_3";68;8;10;0.1;2;1;29;"";"Troncais";19;3;"Quercus_petraea";"D";21;22;68;43;63.2352941176471;"deperissant";0.015707963267949;"h2"
"T_19_3";68;9;5;0.05;2;3;23.5;"";"Troncais";19;3;"Quercus_petraea";"D";21;22;68;43;63.2352941176471;"deperissant";0.00392699081698724;"h1"
"T_19_4";83;1;15;0.15;8;4;21;"";"Troncais";19;4;"Quercus_petraea";"D";23;21;83;44;53.0120481927711;"deperissant";0.141371669411541;"2t"
"T_19_4";83;2;15;0.15;8;4;24;"";"Troncais";19;4;"Quercus_petraea";"D";23;21;83;44;53.0120481927711;"deperissant";0.141371669411541;"h1"
"T_19_4";83;3;10;0.1;9;3;23;"";"Troncais";19;4;"Quercus_petraea";"D";23;21;83;44;53.0120481927711;"deperissant";0.0706858347057703;"2t"
"T_19_4";83;4;5;0.05;1;3;24;"";"Troncais";19;4;"Quercus_petraea";"D";23;21;83;44;53.0120481927711;"deperissant";0.00196349540849362;"h1"
"T_19_4";83;5;5;0.05;2;3;26;"";"Troncais";19;4;"Quercus_petraea";"D";23;21;83;44;53.0120481927711;"deperissant";0.00392699081698724;"h1"
"T_19_4";83;6;5;0.05;7;3;27;"";"Troncais";19;4;"Quercus_petraea";"D";23;21;83;44;53.0120481927711;"deperissant";0.0137444678594553;"h1"
"T_19_4";83;7;5;0.05;1;3;29;"";"Troncais";19;4;"Quercus_petraea";"D";23;21;83;44;53.0120481927711;"deperissant";0.00196349540849362;"h1"
"T_19_4";83;8;10;0.1;5;3;31.5;"";"Troncais";19;4;"Quercus_petraea";"D";23;21;83;44;53.0120481927711;"deperissant";0.0392699081698724;"h2"
"T_19_4";83;9;10;0.1;2;2;38.5;"";"Troncais";19;4;"Quercus_petraea";"D";23;21;83;44;53.0120481927711;"deperissant";0.015707963267949;"h3"
"T_19_4";83;10;10;0.1;1;3;28;"";"Troncais";19;4;"Quercus_petraea";"D";23;21;83;44;53.0120481927711;"deperissant";0.00785398163397448;"h1"
"T_19_4";83;11;5;0.05;2;4;32;"";"Troncais";19;4;"Quercus_petraea";"D";23;21;83;44;53.0120481927711;"deperissant";0.00392699081698724;"h2"
"T_19_4";83;12;5;0.05;1;3;36;"";"Troncais";19;4;"Quercus_petraea";"D";23;21;83;44;53.0120481927711;"deperissant";0.00196349540849362;"h2"
"T_19_4";83;13;5;0.05;2;4;27;"";"Troncais";19;4;"Quercus_petraea";"D";23;21;83;44;53.0120481927711;"deperissant";0.00392699081698724;"h1"
"T_19_4";83;14;10;0.1;1;4;33;"";"Troncais";19;4;"Quercus_petraea";"D";23;21;83;44;53.0120481927711;"deperissant";0.00785398163397448;"h2"
"T_19_4";83;15;5;0.05;1;3;28.5;"";"Troncais";19;4;"Quercus_petraea";"D";23;21;83;44;53.0120481927711;"deperissant";0.00196349540849362;"h1"
"T_19_4";83;16;5;0.05;1;3;30;"";"Troncais";19;4;"Quercus_petraea";"D";23;21;83;44;53.0120481927711;"deperissant";0.00196349540849362;"h1"
"T_207_1";87;1;5;0.05;4;4;24;"";"Troncais";207;1;"Quercus_petraea";"B";15.6;26.4;87;42;48.2758620689655;"sain";0.00785398163397448;"h1"
"T_207_1";87;2;10;0.1;7;3;25.5;"";"Troncais";207;1;"Quercus_petraea";"B";15.6;26.4;87;42;48.2758620689655;"sain";0.0549778714378214;"h2"
"T_207_1";87;3;10;0.1;5;3;31;"";"Troncais";207;1;"Quercus_petraea";"B";15.6;26.4;87;42;48.2758620689655;"sain";0.0392699081698724;"h2"
"T_207_1";87;4;5;0.05;1;3;35.5;"";"Troncais";207;1;"Quercus_petraea";"B";15.6;26.4;87;42;48.2758620689655;"sain";0.00196349540849362;"h3"
"T_207_1";87;5;5;0.05;3;2;36;"";"Troncais";207;1;"Quercus_petraea";"B";15.6;26.4;87;42;48.2758620689655;"sain";0.00589048622548086;"h3"
"T_207_1";87;6;5;0.05;1;4;24;"";"Troncais";207;1;"Quercus_petraea";"B";15.6;26.4;87;42;48.2758620689655;"sain";0.00196349540849362;"h1"
"T_207_1";87;7;5;0.05;1;2;26;"";"Troncais";207;1;"Quercus_petraea";"B";15.6;26.4;87;42;48.2758620689655;"sain";0.00196349540849362;"h2"
"T_207_1";87;8;5;0.05;3;2;28;"";"Troncais";207;1;"Quercus_petraea";"B";15.6;26.4;87;42;48.2758620689655;"sain";0.00589048622548086;"h2"
"T_207_1";87;9;5;0.05;1;3;29;"";"Troncais";207;1;"Quercus_petraea";"B";15.6;26.4;87;42;48.2758620689655;"sain";0.00196349540849362;"h2"
"T_207_1";87;10;5;0.05;1;3;29;"";"Troncais";207;1;"Quercus_petraea";"B";15.6;26.4;87;42;48.2758620689655;"sain";0.00196349540849362;"h2"
"T_207_1";87;11;15;0.15;9;2;24;"";"Troncais";207;1;"Quercus_petraea";"B";15.6;26.4;87;42;48.2758620689655;"sain";0.159043128087983;"h1"
"T_207_1";87;12;10;0.1;3;2;33;"";"Troncais";207;1;"Quercus_petraea";"B";15.6;26.4;87;42;48.2758620689655;"sain";0.0235619449019235;"h2"
"T_207_1";87;13;5;0.05;1;4;21;"";"Troncais";207;1;"Quercus_petraea";"B";15.6;26.4;87;42;48.2758620689655;"sain";0.00196349540849362;"h1"
"T_207_1";87;14;10;0.1;3;3;25.5;"";"Troncais";207;1;"Quercus_petraea";"B";15.6;26.4;87;42;48.2758620689655;"sain";0.0235619449019235;"h2"
"T_207_1";87;15;10;0.1;3;3;30.5;"";"Troncais";207;1;"Quercus_petraea";"B";15.6;26.4;87;42;48.2758620689655;"sain";0.0235619449019235;"h2"
"T_207_1";87;16;10;0.1;2;3;24.5;"";"Troncais";207;1;"Quercus_petraea";"B";15.6;26.4;87;42;48.2758620689655;"sain";0.015707963267949;"h2"
"T_207_1";87;17;5;0.05;1;3;23;"";"Troncais";207;1;"Quercus_petraea";"B";15.6;26.4;87;42;48.2758620689655;"sain";0.00196349540849362;"h1"
"T_207_1";87;18;10;0.1;2;4;30.5;"";"Troncais";207;1;"Quercus_petraea";"B";15.6;26.4;87;42;48.2758620689655;"sain";0.015707963267949;"h2"
"T_207_2";69;1;10;0.1;3;4;17.5;"";"Troncais";207;2;"Quercus_petraea";"D";13;27;69;40;57.9710144927536;"deperissant";0.0235619449019235;"h1"
"T_207_2";69;2;10;0.1;4;4;20;"";"Troncais";207;2;"Quercus_petraea";"D";13;27;69;40;57.9710144927536;"deperissant";0.0314159265358979;"h1"
"T_207_2";69;3;10;0.1;4;3;25;"";"Troncais";207;2;"Quercus_petraea";"D";13;27;69;40;57.9710144927536;"deperissant";0.0314159265358979;"h2"
"T_207_2";69;4;5;0.05;1;2;30;"";"Troncais";207;2;"Quercus_petraea";"D";13;27;69;40;57.9710144927536;"deperissant";0.00196349540849362;"h2"
"T_207_3";53;1;5;0.05;1;3;16;"";"Troncais";207;3;"Quercus_robur";"F";12.5;21.5;53;34;64.1509433962264;"deperissant";0.00196349540849362;"h1"
"T_207_3";53;2;5;0.05;4;4;19;"";"Troncais";207;3;"Quercus_robur";"F";12.5;21.5;53;34;64.1509433962264;"deperissant";0.00785398163397448;"h1"
"T_207_3";53;3;10;0.1;3;2;25;"";"Troncais";207;3;"Quercus_robur";"F";12.5;21.5;53;34;64.1509433962264;"deperissant";0.0235619449019235;"h2"
"T_207_3";53;4;5;0.05;1;3;21.5;"";"Troncais";207;3;"Quercus_robur";"F";12.5;21.5;53;34;64.1509433962264;"deperissant";0.00196349540849362;"h2"
"T_207_3";53;5;10;0.1;2;3;22;"";"Troncais";207;3;"Quercus_robur";"F";12.5;21.5;53;34;64.1509433962264;"deperissant";0.015707963267949;"h2"
"T_207_3";53;6;10;0.1;5;2;22.5;"";"Troncais";207;3;"Quercus_robur";"F";12.5;21.5;53;34;64.1509433962264;"deperissant";0.0392699081698724;"h2"
"T_207_3";53;7;15;0.15;1;2;27;"";"Troncais";207;3;"Quercus_robur";"F";12.5;21.5;53;34;64.1509433962264;"deperissant";0.0176714586764426;"h3"
"T_207_3";53;8;5;0.05;1;4;32;"";"Troncais";207;3;"Quercus_robur";"F";12.5;21.5;53;34;64.1509433962264;"deperissant";0.00196349540849362;"h3"
"T_207_4";61;1;10;0.1;3;3;21;"";"Troncais";207;4;"Quercus_petraea";"D";15.5;20.5;61;36;59.0163934426229;"deperissant";0.0235619449019235;"h1"
"T_207_4";61;2;5;0.05;1;3;27;"";"Troncais";207;4;"Quercus_petraea";"D";15.5;20.5;61;36;59.0163934426229;"deperissant";0.00196349540849362;"h2"
"T_207_4";61;3;5;0.05;1;4;25;"";"Troncais";207;4;"Quercus_petraea";"D";15.5;20.5;61;36;59.0163934426229;"deperissant";0.00196349540849362;"h2"
"T_207_4";61;4;5;0.05;1;3;27;"";"Troncais";207;4;"Quercus_petraea";"D";15.5;20.5;61;36;59.0163934426229;"deperissant";0.00196349540849362;"h2"
"T_207_4";61;5;5;0.05;2;4;18.5;"";"Troncais";207;4;"Quercus_petraea";"D";15.5;20.5;61;36;59.0163934426229;"deperissant";0.00392699081698724;"h1"
"T_207_4";61;6;5;0.05;2;2;24.5;"";"Troncais";207;4;"Quercus_petraea";"D";15.5;20.5;61;36;59.0163934426229;"deperissant";0.00392699081698724;"h2"
"T_315_1";77;1;10;0.1;5;3;32;"";"Troncais";315;1;"Quercus_petraea";"D";18.9;26.1;77;45;58.4415584415584;"deperissant";0.0392699081698724;"h2"
"T_315_1";77;2;5;0.05;1;1;37;"";"Troncais";315;1;"Quercus_petraea";"D";18.9;26.1;77;45;58.4415584415584;"deperissant";0.00196349540849362;"h3"
"T_315_1";77;3;10;0.1;8;4;28.5;"";"Troncais";315;1;"Quercus_petraea";"D";18.9;26.1;77;45;58.4415584415584;"deperissant";0.0628318530717959;"h2"
"T_315_1";77;4;5;0.05;1;2;38.5;"";"Troncais";315;1;"Quercus_petraea";"D";18.9;26.1;77;45;58.4415584415584;"deperissant";0.00196349540849362;"h3"
"T_315_1";77;5;5;0.05;1;3;38.5;"";"Troncais";315;1;"Quercus_petraea";"D";18.9;26.1;77;45;58.4415584415584;"deperissant";0.00196349540849362;"h3"
"T_315_1";77;6;10;0.1;1;2;35;"";"Troncais";315;1;"Quercus_petraea";"D";18.9;26.1;77;45;58.4415584415584;"deperissant";0.00785398163397448;"h2"
"T_315_1";77;7;15;0.15;1;3;29;"";"Troncais";315;1;"Quercus_petraea";"D";18.9;26.1;77;45;58.4415584415584;"deperissant";0.0176714586764426;"h2"
"T_315_1";77;8;10;0.1;4;4;29;"";"Troncais";315;1;"Quercus_petraea";"D";18.9;26.1;77;45;58.4415584415584;"deperissant";0.0314159265358979;"h2"
"T_315_1";77;9;10;0.1;1;3;33.5;"";"Troncais";315;1;"Quercus_petraea";"D";18.9;26.1;77;45;58.4415584415584;"deperissant";0.00785398163397448;"h2"
"T_315_1";77;10;10;0.1;2;4;36;"";"Troncais";315;1;"Quercus_petraea";"D";18.9;26.1;77;45;58.4415584415584;"deperissant";0.015707963267949;"h2"
"T_315_1";77;11;5;0.05;1;3;41.5;"";"Troncais";315;1;"Quercus_petraea";"D";18.9;26.1;77;45;58.4415584415584;"deperissant";0.00196349540849362;"h3"
"T_315_2";76;1;5;0.05;5;4;24.5;"";"Troncais";315;2;"Quercus_petraea";NA;17;29;76;46;60.5263157894737;NA;0.0098174770424681;"h1"
"T_315_2";76;2;10;0.1;4;3;29;"";"Troncais";315;2;"Quercus_petraea";NA;17;29;76;46;60.5263157894737;NA;0.0314159265358979;"h2"
"T_315_2";76;3;10;0.1;6;3;32;"";"Troncais";315;2;"Quercus_petraea";NA;17;29;76;46;60.5263157894737;NA;0.0471238898038469;"h2"
"T_315_2";76;4;5;0.05;2;2;37;"";"Troncais";315;2;"Quercus_petraea";NA;17;29;76;46;60.5263157894737;NA;0.00392699081698724;"h3"
"T_315_2";76;5;5;0.05;1;2;34.5;"";"Troncais";315;2;"Quercus_petraea";NA;17;29;76;46;60.5263157894737;NA;0.00196349540849362;"h2"
"T_315_2";76;6;5;0.05;3;2;41.5;"";"Troncais";315;2;"Quercus_petraea";NA;17;29;76;46;60.5263157894737;NA;0.00589048622548086;"h3"
"T_315_2";76;7;5;0.05;1;3;35;"";"Troncais";315;2;"Quercus_petraea";NA;17;29;76;46;60.5263157894737;NA;0.00196349540849362;"h2"
"T_315_3";80;1;5;0.05;1;4;16;"";"Troncais";315;3;"Quercus_petraea";"F";25;18;80;43;53.75;"deperissant";0.00196349540849362;"2t"
"T_315_3";80;2;10;0.1;5;3;20;"";"Troncais";315;3;"Quercus_petraea";"F";25;18;80;43;53.75;"deperissant";0.0392699081698724;"2t"
"T_315_3";80;3;5;0.05;1;3;26;"";"Troncais";315;3;"Quercus_petraea";"F";25;18;80;43;53.75;"deperissant";0.00196349540849362;"h1"
"T_315_3";80;4;10;0.1;4;4;26;"";"Troncais";315;3;"Quercus_petraea";"F";25;18;80;43;53.75;"deperissant";0.0314159265358979;"h1"
"T_315_3";80;5;10;0.1;7;3;27.5;"";"Troncais";315;3;"Quercus_petraea";"F";25;18;80;43;53.75;"deperissant";0.0549778714378214;"h1"
"T_315_3";80;6;5;0.05;1;3;29;"";"Troncais";315;3;"Quercus_petraea";"F";25;18;80;43;53.75;"deperissant";0.00196349540849362;"h1"
"T_315_3";80;7;10;0.1;1;2;35.5;"";"Troncais";315;3;"Quercus_petraea";"F";25;18;80;43;53.75;"deperissant";0.00785398163397448;"h2"
"T_315_3";80;8;5;0.05;1;2;36.5;"";"Troncais";315;3;"Quercus_petraea";"F";25;18;80;43;53.75;"deperissant";0.00196349540849362;"h2"
"T_315_3";80;9;5;0.05;2;2;36.5;"";"Troncais";315;3;"Quercus_petraea";"F";25;18;80;43;53.75;"deperissant";0.00392699081698724;"h2"
"T_315_3";80;10;10;0.1;1;2;42;"";"Troncais";315;3;"Quercus_petraea";"F";25;18;80;43;53.75;"deperissant";0.00785398163397448;"h3"
"T_315_3";80;11;10;0.1;1;2;42;"";"Troncais";315;3;"Quercus_petraea";"F";25;18;80;43;53.75;"deperissant";0.00785398163397448;"h3"
"T_315_3";80;12;10;0.1;1;1;42;"";"Troncais";315;3;"Quercus_petraea";"F";25;18;80;43;53.75;"deperissant";0.00785398163397448;"h3"
"T_315_3";80;13;10;0.1;1;3;42;"";"Troncais";315;3;"Quercus_petraea";"F";25;18;80;43;53.75;"deperissant";0.00785398163397448;"h3"
"T_315_3";80;14;5;0.05;2;2;42;"";"Troncais";315;3;"Quercus_petraea";"F";25;18;80;43;53.75;"deperissant";0.00392699081698724;"h3"
"T_315_3";80;15;5;0.05;2;2;42;"";"Troncais";315;3;"Quercus_petraea";"F";25;18;80;43;53.75;"deperissant";0.00392699081698724;"h3"
"T_315_3";80;16;5;0.05;1;3;42;"";"Troncais";315;3;"Quercus_petraea";"F";25;18;80;43;53.75;"deperissant";0.00196349540849362;"h3"
"T_315_3";80;17;5;0.05;1;2;42;"";"Troncais";315;3;"Quercus_petraea";"F";25;18;80;43;53.75;"deperissant";0.00196349540849362;"h3"
"T_315_3";80;18;10;0.1;3;2;37;"";"Troncais";315;3;"Quercus_petraea";"F";25;18;80;43;53.75;"deperissant";0.0235619449019235;"h2"
"T_315_3";80;19;15;0.15;5;2;32.5;"";"Troncais";315;3;"Quercus_petraea";"F";25;18;80;43;53.75;"deperissant";0.0883572933822129;"h2"
"T_315_3";80;20;10;0.1;1;1;39;"";"Troncais";315;3;"Quercus_petraea";"F";25;18;80;43;53.75;"deperissant";0.00785398163397448;"h3"
"T_315_3";80;21;10;0.1;1;2;39;"";"Troncais";315;3;"Quercus_petraea";"F";25;18;80;43;53.75;"deperissant";0.00785398163397448;"h3"
"T_315_3";80;22;5;0.05;1;2;39;"";"Troncais";315;3;"Quercus_petraea";"F";25;18;80;43;53.75;"deperissant";0.00196349540849362;"h3"
"T_315_4";62;1;5;0.05;1;1;24;"";"Troncais";315;4;"Quercus_petraea";"D";23;22;62;45;72.5806451612903;"deperissant";0.00196349540849362;"h1"
"T_315_4";62;2;5;0.05;3;2;26;"";"Troncais";315;4;"Quercus_petraea";"D";23;22;62;45;72.5806451612903;"deperissant";0.00589048622548086;"h1"
"T_315_4";62;3;5;0.05;1;2;26;"";"Troncais";315;4;"Quercus_petraea";"D";23;22;62;45;72.5806451612903;"deperissant";0.00196349540849362;"h1"
"T_315_4";62;4;10;0.1;1;3;26;"";"Troncais";315;4;"Quercus_petraea";"D";23;22;62;45;72.5806451612903;"deperissant";0.00785398163397448;"h1"
"T_315_4";62;5;10;0.1;1;3;26;"";"Troncais";315;4;"Quercus_petraea";"D";23;22;62;45;72.5806451612903;"deperissant";0.00785398163397448;"h1"
"T_315_4";62;6;10;0.1;1;3;27;"";"Troncais";315;4;"Quercus_petraea";"D";23;22;62;45;72.5806451612903;"deperissant";0.00785398163397448;"h1"
"T_315_4";62;7;10;0.1;1;4;27;"";"Troncais";315;4;"Quercus_petraea";"D";23;22;62;45;72.5806451612903;"deperissant";0.00785398163397448;"h1"
"T_315_4";62;8;10;0.1;1;4;27;"";"Troncais";315;4;"Quercus_petraea";"D";23;22;62;45;72.5806451612903;"deperissant";0.00785398163397448;"h1"
"T_315_4";62;9;10;0.1;1;3;28.5;"";"Troncais";315;4;"Quercus_petraea";"D";23;22;62;45;72.5806451612903;"deperissant";0.00785398163397448;"h1"
"T_315_4";62;10;10;0.1;1;2;30.5;"";"Troncais";315;4;"Quercus_petraea";"D";23;22;62;45;72.5806451612903;"deperissant";0.00785398163397448;"h2"
"T_315_4";62;11;10;0.1;1;2;28.5;"";"Troncais";315;4;"Quercus_petraea";"D";23;22;62;45;72.5806451612903;"deperissant";0.00785398163397448;"h1"
"T_327_1";88;1;10;0.1;1;3;28;"";"Troncais";327;1;"Quercus_petraea";"D";NA;NA;88;39;44.3181818181818;"deperissant";0.00785398163397448;NA
"T_327_1";88;2;10;0.1;3;2;31;"";"Troncais";327;1;"Quercus_petraea";"D";NA;NA;88;39;44.3181818181818;"deperissant";0.0235619449019235;NA
"T_327_1";88;3;5;0.05;2;3;25;"";"Troncais";327;1;"Quercus_petraea";"D";NA;NA;88;39;44.3181818181818;"deperissant";0.00392699081698724;NA
"T_327_1";88;4;5;0.05;1;3;30;"";"Troncais";327;1;"Quercus_petraea";"D";NA;NA;88;39;44.3181818181818;"deperissant";0.00196349540849362;NA
"T_327_1";88;5;10;0.1;1;3;30;"";"Troncais";327;1;"Quercus_petraea";"D";NA;NA;88;39;44.3181818181818;"deperissant";0.00785398163397448;NA
"T_327_1";88;6;5;0.05;1;3;32;"";"Troncais";327;1;"Quercus_petraea";"D";NA;NA;88;39;44.3181818181818;"deperissant";0.00196349540849362;NA
"T_327_1";88;7;5;0.05;1;3;32;"";"Troncais";327;1;"Quercus_petraea";"D";NA;NA;88;39;44.3181818181818;"deperissant";0.00196349540849362;NA
"T_327_1";88;8;10;0.1;2;2;24;"";"Troncais";327;1;"Quercus_petraea";"D";NA;NA;88;39;44.3181818181818;"deperissant";0.015707963267949;NA
"T_327_1";88;9;5;0.05;1;2;23.5;"";"Troncais";327;1;"Quercus_petraea";"D";NA;NA;88;39;44.3181818181818;"deperissant";0.00196349540849362;NA
"T_327_1";88;10;5;0.05;1;3;24.5;"";"Troncais";327;1;"Quercus_petraea";"D";NA;NA;88;39;44.3181818181818;"deperissant";0.00196349540849362;NA
"T_327_2";86;1;5;0.05;1;2;36.5;"";"Troncais";327;2;"Quercus_petraea";"D";20;21;86;41;47.6744186046512;"deperissant";0.00196349540849362;"h3"
"T_327_2";86;2;5;0.05;2;2;28.5;"";"Troncais";327;2;"Quercus_petraea";"D";20;21;86;41;47.6744186046512;"deperissant";0.00392699081698724;"h2"
"T_327_2";86;3;5;0.05;2;2;32;"";"Troncais";327;2;"Quercus_petraea";"D";20;21;86;41;47.6744186046512;"deperissant";0.00392699081698724;"h2"
"T_327_2";86;4;10;0.1;1;2;33.5;"";"Troncais";327;2;"Quercus_petraea";"D";20;21;86;41;47.6744186046512;"deperissant";0.00785398163397448;"h2"
"T_327_2";86;5;10;0.1;1;3;23;"";"Troncais";327;2;"Quercus_petraea";"D";20;21;86;41;47.6744186046512;"deperissant";0.00785398163397448;"h1"
"T_327_2";86;6;10;0.1;1;2;24;"";"Troncais";327;2;"Quercus_petraea";"D";20;21;86;41;47.6744186046512;"deperissant";0.00785398163397448;"h1"
"T_327_2";86;7;15;0.15;5;3;22.5;"";"Troncais";327;2;"Quercus_petraea";"D";20;21;86;41;47.6744186046512;"deperissant";0.0883572933822129;"h1"
"T_327_2";86;8;5;0.05;1;3;29.5;"";"Troncais";327;2;"Quercus_petraea";"D";20;21;86;41;47.6744186046512;"deperissant";0.00196349540849362;"h2"
"T_327_2";86;9;5;0.05;1;3;27;"";"Troncais";327;2;"Quercus_petraea";"D";20;21;86;41;47.6744186046512;"deperissant";0.00196349540849362;"h1"
"T_327_3";96;1;10;0.1;2;1;18;"";"Troncais";327;3;"Quercus_petraea";"D";18.5;19.5;96;38;39.5833333333333;"deperissant";0.015707963267949;"2t"
"T_327_3";96;2;5;0.05;1;2;34;"";"Troncais";327;3;"Quercus_petraea";"D";18.5;19.5;96;38;39.5833333333333;"deperissant";0.00196349540849362;"h3"
"T_327_3";96;3;5;0.05;1;3;35;"";"Troncais";327;3;"Quercus_petraea";"D";18.5;19.5;96;38;39.5833333333333;"deperissant";0.00196349540849362;"h3"
"T_327_3";96;4;5;0.05;1;3;36;"";"Troncais";327;3;"Quercus_petraea";"D";18.5;19.5;96;38;39.5833333333333;"deperissant";0.00196349540849362;"h3"
"T_327_3";96;5;5;0.05;1;3;34;"";"Troncais";327;3;"Quercus_petraea";"D";18.5;19.5;96;38;39.5833333333333;"deperissant";0.00196349540849362;"h3"
"T_327_3";96;6;15;0.15;1;2;27.5;"";"Troncais";327;3;"Quercus_petraea";"D";18.5;19.5;96;38;39.5833333333333;"deperissant";0.0176714586764426;"h2"
"T_327_3";96;7;5;0.05;1;1;34.5;"";"Troncais";327;3;"Quercus_petraea";"D";18.5;19.5;96;38;39.5833333333333;"deperissant";0.00196349540849362;"h3"
"T_327_3";96;8;10;0.1;2;3;32;"";"Troncais";327;3;"Quercus_petraea";"D";18.5;19.5;96;38;39.5833333333333;"deperissant";0.015707963267949;"h3"
"T_327_3";96;9;5;0.05;3;3;33;"";"Troncais";327;3;"Quercus_petraea";"D";18.5;19.5;96;38;39.5833333333333;"deperissant";0.00589048622548086;"h3"
"T_327_3";96;10;10;0.1;6;3;17.5;"";"Troncais";327;3;"Quercus_petraea";"D";18.5;19.5;96;38;39.5833333333333;"deperissant";0.0471238898038469;"2t"
"T_327_4";105;1;15;0.15;2;3;24;"quatrimelle";"Troncais";327;4;"Quercus_petraea";"D";18;19;105;37;35.2380952380952;"deperissant";0.0353429173528852;"h1"
"T_327_4";105;2;10;0.1;1;2;30;"quatrimelle";"Troncais";327;4;"Quercus_petraea";"D";18;19;105;37;35.2380952380952;"deperissant";0.00785398163397448;"h2"
"T_327_4";105;3;5;0.05;1;4;36;"quatrimelle";"Troncais";327;4;"Quercus_petraea";"D";18;19;105;37;35.2380952380952;"deperissant";0.00196349540849362;"h3"
"T_327_4";105;4;5;0.05;1;1;24;"quatrimelle";"Troncais";327;4;"Quercus_petraea";"D";18;19;105;37;35.2380952380952;"deperissant";0.00196349540849362;"h1"
"T_327_4";105;5;5;0.05;2;3;31;"quatrimelle";"Troncais";327;4;"Quercus_petraea";"D";18;19;105;37;35.2380952380952;"deperissant";0.00392699081698724;"h3"
"T_327_4";105;6;5;0.05;2;2;20;"quatrimelle";"Troncais";327;4;"Quercus_petraea";"D";18;19;105;37;35.2380952380952;"deperissant";0.00392699081698724;"h1"
"T_337_1";103;1;5;0.05;2;4;28;"";"Troncais";337;1;"Quercus_petraea";"D";18.1;22.9;103;41;39.8058252427184;"deperissant";0.00392699081698724;"h2"
"T_337_1";103;2;5;0.05;1;4;28;"";"Troncais";337;1;"Quercus_petraea";"D";18.1;22.9;103;41;39.8058252427184;"deperissant";0.00196349540849362;"h2"
"T_337_1";103;3;15;0.15;12;3;25;"";"Troncais";337;1;"Quercus_petraea";"D";18.1;22.9;103;41;39.8058252427184;"deperissant";0.212057504117311;"h1"
"T_337_1";103;4;10;0.1;4;3;28;"";"Troncais";337;1;"Quercus_petraea";"D";18.1;22.9;103;41;39.8058252427184;"deperissant";0.0314159265358979;"h2"
"T_337_1";103;5;10;0.1;4;3;24.5;"";"Troncais";337;1;"Quercus_petraea";"D";18.1;22.9;103;41;39.8058252427184;"deperissant";0.0314159265358979;"h1"
"T_337_1";103;6;5;0.05;1;1;27.5;"";"Troncais";337;1;"Quercus_petraea";"D";18.1;22.9;103;41;39.8058252427184;"deperissant";0.00196349540849362;"h2"
"T_337_1";103;7;5;0.05;1;3;25;"";"Troncais";337;1;"Quercus_petraea";"D";18.1;22.9;103;41;39.8058252427184;"deperissant";0.00196349540849362;"h1"
"T_337_1";103;8;5;0.05;2;2;30.5;"";"Troncais";337;1;"Quercus_petraea";"D";18.1;22.9;103;41;39.8058252427184;"deperissant";0.00392699081698724;"h2"
"T_337_1";103;9;5;0.05;2;2;28;"";"Troncais";337;1;"Quercus_petraea";"D";18.1;22.9;103;41;39.8058252427184;"deperissant";0.00392699081698724;"h2"
"T_337_1";103;10;5;0.05;2;3;36;"";"Troncais";337;1;"Quercus_petraea";"D";18.1;22.9;103;41;39.8058252427184;"deperissant";0.00392699081698724;"h3"
"T_337_1";103;11;5;0.05;1;4;23;"";"Troncais";337;1;"Quercus_petraea";"D";18.1;22.9;103;41;39.8058252427184;"deperissant";0.00196349540849362;"h1"
"T_337_2";89;1;25;0.25;2;2;17;"trimelle";"Troncais";337;2;"Quercus_petraea";NA;18.5;21.5;89;40;44.9438202247191;NA;0.098174770424681;"2t"
"T_337_2";89;2;5;0.05;4;4;28;"trimelle";"Troncais";337;2;"Quercus_petraea";NA;18.5;21.5;89;40;44.9438202247191;NA;0.00785398163397448;"h2"
"T_337_2";89;3;5;0.05;2;2;38;"trimelle";"Troncais";337;2;"Quercus_petraea";NA;18.5;21.5;89;40;44.9438202247191;NA;0.00392699081698724;"h3"
"T_337_2";89;4;5;0.05;2;3;38;"trimelle";"Troncais";337;2;"Quercus_petraea";NA;18.5;21.5;89;40;44.9438202247191;NA;0.00392699081698724;"h3"
"T_337_2";89;5;10;0.1;1;2;38;"trimelle";"Troncais";337;2;"Quercus_petraea";NA;18.5;21.5;89;40;44.9438202247191;NA;0.00785398163397448;"h3"
"T_337_2";89;6;15;0.15;6;3;20;"trimelle";"Troncais";337;2;"Quercus_petraea";NA;18.5;21.5;89;40;44.9438202247191;NA;0.106028752058656;"h1"
"T_337_2";89;7;10;0.1;4;2;21;"trimelle";"Troncais";337;2;"Quercus_petraea";NA;18.5;21.5;89;40;44.9438202247191;NA;0.0314159265358979;"h1"
"T_337_2";89;8;10;0.1;1;4;24.5;"trimelle";"Troncais";337;2;"Quercus_petraea";NA;18.5;21.5;89;40;44.9438202247191;NA;0.00785398163397448;"h1"
"T_337_2";89;9;5;0.05;1;2;25.5;"trimelle";"Troncais";337;2;"Quercus_petraea";NA;18.5;21.5;89;40;44.9438202247191;NA;0.00196349540849362;"h1"
"T_337_2";89;10;5;0.05;1;3;25.5;"trimelle";"Troncais";337;2;"Quercus_petraea";NA;18.5;21.5;89;40;44.9438202247191;NA;0.00196349540849362;"h1"
"T_337_2";89;11;5;0.05;2;2;32.5;"trimelle";"Troncais";337;2;"Quercus_petraea";NA;18.5;21.5;89;40;44.9438202247191;NA;0.00392699081698724;"h2"
"T_337_2";89;12;10;0.1;3;3;26.5;"trimelle";"Troncais";337;2;"Quercus_petraea";NA;18.5;21.5;89;40;44.9438202247191;NA;0.0235619449019235;"h2"
"T_337_3";89;1;20;0.2;2;3;21;"";"Troncais";337;3;"Quercus_petraea";NA;14;25;89;39;43.8202247191011;NA;0.0628318530717959;"h1"
"T_337_3";89;2;5;0.05;2;4;21;"";"Troncais";337;3;"Quercus_petraea";NA;14;25;89;39;43.8202247191011;NA;0.00392699081698724;"h1"
"T_337_3";89;3;25;0.25;1;1;27.5;"";"Troncais";337;3;"Quercus_petraea";NA;14;25;89;39;43.8202247191011;NA;0.0490873852123405;"h2"
"T_337_3";89;4;5;0.05;2;3;28.5;"";"Troncais";337;3;"Quercus_petraea";NA;14;25;89;39;43.8202247191011;NA;0.00392699081698724;"h2"
"T_337_3";89;5;5;0.05;2;4;28.5;"";"Troncais";337;3;"Quercus_petraea";NA;14;25;89;39;43.8202247191011;NA;0.00392699081698724;"h2"
"T_337_3";89;6;5;0.05;3;3;26;"";"Troncais";337;3;"Quercus_petraea";NA;14;25;89;39;43.8202247191011;NA;0.00589048622548086;"h2"
"T_337_3";89;7;5;0.05;4;4;26;"";"Troncais";337;3;"Quercus_petraea";NA;14;25;89;39;43.8202247191011;NA;0.00785398163397448;"h2"
"T_337_3";89;8;5;0.05;3;3;29.5;"";"Troncais";337;3;"Quercus_petraea";NA;14;25;89;39;43.8202247191011;NA;0.00589048622548086;"h2"
"T_337_3";89;9;5;0.05;1;1;33.5;"";"Troncais";337;3;"Quercus_petraea";NA;14;25;89;39;43.8202247191011;NA;0.00196349540849362;"h3"
"T_337_3";89;10;15;0.15;1;2;32;"";"Troncais";337;3;"Quercus_petraea";NA;14;25;89;39;43.8202247191011;NA;0.0176714586764426;"h3"
"T_337_3";89;11;5;0.05;1;2;33.5;"";"Troncais";337;3;"Quercus_petraea";NA;14;25;89;39;43.8202247191011;NA;0.00196349540849362;"h3"
"T_337_4";80;1;10;0.1;2;3;16;"";"Troncais";337;4;"Quercus_petraea";NA;17.9;20.1;80;38;47.5;NA;0.015707963267949;"2t"
"T_337_4";80;2;10;0.1;7;3;16.5;"";"Troncais";337;4;"Quercus_petraea";NA;17.9;20.1;80;38;47.5;NA;0.0549778714378214;"2t"
"T_337_4";80;3;5;0.05;2;4;23.5;"";"Troncais";337;4;"Quercus_petraea";NA;17.9;20.1;80;38;47.5;NA;0.00392699081698724;"h1"
"T_337_4";80;4;10;0.1;2;4;24;"";"Troncais";337;4;"Quercus_petraea";NA;17.9;20.1;80;38;47.5;NA;0.015707963267949;"h1"
"T_337_4";80;5;5;0.05;1;2;39;"";"Troncais";337;4;"Quercus_petraea";NA;17.9;20.1;80;38;47.5;NA;0.00196349540849362;"h3"
"T_337_4";80;6;10;0.1;1;2;39;"";"Troncais";337;4;"Quercus_petraea";NA;17.9;20.1;80;38;47.5;NA;0.00785398163397448;"h3"
"T_337_4";80;7;10;0.1;5;2;39;"";"Troncais";337;4;"Quercus_petraea";NA;17.9;20.1;80;38;47.5;NA;0.0392699081698724;"h3"
"T_337_4";80;8;5;0.05;1;4;35;"";"Troncais";337;4;"Quercus_petraea";NA;17.9;20.1;80;38;47.5;NA;0.00196349540849362;"h3"
"T_337_4";80;9;10;0.1;4;2;36;"";"Troncais";337;4;"Quercus_petraea";NA;17.9;20.1;80;38;47.5;NA;0.0314159265358979;"h3"
"T_337_4";80;10;10;0.1;4;4;23.5;"";"Troncais";337;4;"Quercus_petraea";NA;17.9;20.1;80;38;47.5;NA;0.0314159265358979;"h1"
"T_350_1";68;1;10;0.1;5;3;15;"";"Troncais";350;1;"Quercus_petraea";"D";20.3;14.7;68;35;51.4705882352941;"deperissant";0.0392699081698724;"2t"
"T_350_1";68;2;15;0.15;5;3;20;"";"Troncais";350;1;"Quercus_petraea";"D";20.3;14.7;68;35;51.4705882352941;"deperissant";0.0883572933822129;"2t"
"T_350_1";68;3;5;0.05;1;3;23.5;"";"Troncais";350;1;"Quercus_petraea";"D";20.3;14.7;68;35;51.4705882352941;"deperissant";0.00196349540849362;"h1"
"T_350_1";68;4;10;0.1;2;1;31;"";"Troncais";350;1;"Quercus_petraea";"D";20.3;14.7;68;35;51.4705882352941;"deperissant";0.015707963267949;"h3"
"T_350_1";68;5;10;0.1;3;1;29;"";"Troncais";350;1;"Quercus_petraea";"D";20.3;14.7;68;35;51.4705882352941;"deperissant";0.0235619449019235;"h2"
"T_350_1";68;6;10;0.1;5;2;26;"";"Troncais";350;1;"Quercus_petraea";"D";20.3;14.7;68;35;51.4705882352941;"deperissant";0.0392699081698724;"h2"
"T_350_1";68;7;10;0.1;3;2;26;"";"Troncais";350;1;"Quercus_petraea";"D";20.3;14.7;68;35;51.4705882352941;"deperissant";0.0235619449019235;"h2"
"T_350_1";68;8;5;0.05;1;2;22;"";"Troncais";350;1;"Quercus_petraea";"D";20.3;14.7;68;35;51.4705882352941;"deperissant";0.00196349540849362;"h1"
"T_350_1";68;9;5;0.05;3;3;17;"";"Troncais";350;1;"Quercus_petraea";"D";20.3;14.7;68;35;51.4705882352941;"deperissant";0.00589048622548086;"2t"
"T_350_1";68;10;5;0.05;1;1;27;"";"Troncais";350;1;"Quercus_petraea";"D";20.3;14.7;68;35;51.4705882352941;"deperissant";0.00196349540849362;"h2"
"T_350_2";73;1;10;0.1;4;3;10;"";"Troncais";350;2;"Quercus_petraea";"D";14.5;19.5;73;34;46.5753424657534;"deperissant";0.0314159265358979;"2t"
"T_350_2";73;2;5;0.05;1;4;13.5;"";"Troncais";350;2;"Quercus_petraea";"D";14.5;19.5;73;34;46.5753424657534;"deperissant";0.00196349540849362;"2t"
"T_350_2";73;3;10;0.1;2;4;16;"";"Troncais";350;2;"Quercus_petraea";"D";14.5;19.5;73;34;46.5753424657534;"deperissant";0.015707963267949;"h1"
"T_350_2";73;4;10;0.1;4;4;17.5;"";"Troncais";350;2;"Quercus_petraea";"D";14.5;19.5;73;34;46.5753424657534;"deperissant";0.0314159265358979;"h1"
"T_350_2";73;5;15;0.15;9;3;16;"";"Troncais";350;2;"Quercus_petraea";"D";14.5;19.5;73;34;46.5753424657534;"deperissant";0.159043128087983;"h1"
"T_350_2";73;6;5;0.05;5;3;19;"";"Troncais";350;2;"Quercus_petraea";"D";14.5;19.5;73;34;46.5753424657534;"deperissant";0.0098174770424681;"h1"
"T_350_2";73;7;5;0.05;2;3;22;"";"Troncais";350;2;"Quercus_petraea";"D";14.5;19.5;73;34;46.5753424657534;"deperissant";0.00392699081698724;"h2"
"T_350_2";73;8;10;0.1;8;3;19.5;"";"Troncais";350;2;"Quercus_petraea";"D";14.5;19.5;73;34;46.5753424657534;"deperissant";0.0628318530717959;"h1"
"T_350_2";73;9;5;0.05;2;3;21.5;"";"Troncais";350;2;"Quercus_petraea";"D";14.5;19.5;73;34;46.5753424657534;"deperissant";0.00392699081698724;"h2"
"T_350_2";73;10;5;0.05;1;3;28.5;"";"Troncais";350;2;"Quercus_petraea";"D";14.5;19.5;73;34;46.5753424657534;"deperissant";0.00196349540849362;"h3"
"T_350_2";73;11;5;0.05;1;2;29;"";"Troncais";350;2;"Quercus_petraea";"D";14.5;19.5;73;34;46.5753424657534;"deperissant";0.00196349540849362;"h3"
"T_350_2";73;12;5;0.05;1;3;30;"";"Troncais";350;2;"Quercus_petraea";"D";14.5;19.5;73;34;46.5753424657534;"deperissant";0.00196349540849362;"h3"
"T_350_2";73;13;10;0.1;2;2;30;"";"Troncais";350;2;"Quercus_petraea";"D";14.5;19.5;73;34;46.5753424657534;"deperissant";0.015707963267949;"h3"
"T_350_2";73;14;5;0.05;1;3;27;"";"Troncais";350;2;"Quercus_petraea";"D";14.5;19.5;73;34;46.5753424657534;"deperissant";0.00196349540849362;"h2"
"T_350_2";73;15;10;0.1;5;3;27;"";"Troncais";350;2;"Quercus_petraea";"D";14.5;19.5;73;34;46.5753424657534;"deperissant";0.0392699081698724;"h2"
"T_350_2";73;16;5;0.05;2;3;27.5;"";"Troncais";350;2;"Quercus_petraea";"D";14.5;19.5;73;34;46.5753424657534;"deperissant";0.00392699081698724;"h2"
"T_350_2";73;17;5;0.05;3;2;27;"perche";"Troncais";350;2;"Quercus_petraea";"D";14.5;19.5;73;34;46.5753424657534;"deperissant";0.00589048622548086;"h2"
"T_350_2";73;18;5;0.05;2;3;17;"";"Troncais";350;2;"Quercus_petraea";"D";14.5;19.5;73;34;46.5753424657534;"deperissant";0.00392699081698724;"h1"
"T_350_2";73;19;5;0.05;1;3;14;"";"Troncais";350;2;"Quercus_petraea";"D";14.5;19.5;73;34;46.5753424657534;"deperissant";0.00196349540849362;"2t"
"T_350_3";61;1;10;0.1;7;3;1.5;"";"Troncais";350;3;"Quercus_petraea";"D";14.5;19.5;61;34;55.7377049180328;"deperissant";0.0549778714378214;"1p"
"T_350_3";61;2;10;0.1;3;4;14;"";"Troncais";350;3;"Quercus_petraea";"D";14.5;19.5;61;34;55.7377049180328;"deperissant";0.0235619449019235;"2t"
"T_350_3";61;3;5;0.05;1;3;18;"";"Troncais";350;3;"Quercus_petraea";"D";14.5;19.5;61;34;55.7377049180328;"deperissant";0.00196349540849362;"h1"
"T_350_3";61;4;5;0.05;3;3;30;"";"Troncais";350;3;"Quercus_petraea";"D";14.5;19.5;61;34;55.7377049180328;"deperissant";0.00589048622548086;"h3"
"T_350_3";61;5;15;0.15;7;3;18.5;"";"Troncais";350;3;"Quercus_petraea";"D";14.5;19.5;61;34;55.7377049180328;"deperissant";0.123700210735098;"h1"
"T_350_3";61;6;10;0.1;5;3;18.5;"";"Troncais";350;3;"Quercus_petraea";"D";14.5;19.5;61;34;55.7377049180328;"deperissant";0.0392699081698724;"h1"
"T_350_3";61;7;10;0.1;1;3;25;"";"Troncais";350;3;"Quercus_petraea";"D";14.5;19.5;61;34;55.7377049180328;"deperissant";0.00785398163397448;"h2"
"T_350_3";61;8;5;0.05;4;3;24;"";"Troncais";350;3;"Quercus_petraea";"D";14.5;19.5;61;34;55.7377049180328;"deperissant";0.00785398163397448;"h2"
"T_350_3";61;9;5;0.05;2;2;29;"";"Troncais";350;3;"Quercus_petraea";"D";14.5;19.5;61;34;55.7377049180328;"deperissant";0.00392699081698724;"h3"
"T_350_3";61;10;10;0.1;2;3;18;"";"Troncais";350;3;"Quercus_petraea";"D";14.5;19.5;61;34;55.7377049180328;"deperissant";0.015707963267949;"h1"
"T_350_3";61;11;5;0.05;1;2;23.5;"";"Troncais";350;3;"Quercus_petraea";"D";14.5;19.5;61;34;55.7377049180328;"deperissant";0.00196349540849362;"h2"
"T_350_4";84;1;5;0.05;1;3;15.5;"";"Troncais";350;4;"Quercus_petraea";"D";16;21;84;37;44.0476190476191;"deperissant";0.00196349540849362;"2t"
"T_350_4";84;2;10;0.1;7;3;17;"";"Troncais";350;4;"Quercus_petraea";"D";16;21;84;37;44.0476190476191;"deperissant";0.0549778714378214;"h1"
"T_350_4";84;3;10;0.1;9;3;17;"";"Troncais";350;4;"Quercus_petraea";"D";16;21;84;37;44.0476190476191;"deperissant";0.0706858347057703;"h1"
"T_350_4";84;4;5;0.05;5;3;23;"";"Troncais";350;4;"Quercus_petraea";"D";16;21;84;37;44.0476190476191;"deperissant";0.0098174770424681;"h1"
"T_350_4";84;5;10;0.1;3;3;23;"";"Troncais";350;4;"Quercus_petraea";"D";16;21;84;37;44.0476190476191;"deperissant";0.0235619449019235;"h1"
"T_350_4";84;6;5;0.05;1;3;21;"";"Troncais";350;4;"Quercus_petraea";"D";16;21;84;37;44.0476190476191;"deperissant";0.00196349540849362;"h1"
"T_350_4";84;7;5;0.05;2;2;21;"";"Troncais";350;4;"Quercus_petraea";"D";16;21;84;37;44.0476190476191;"deperissant";0.00392699081698724;"h1"
"T_350_4";84;8;5;0.05;1;1;22;"";"Troncais";350;4;"Quercus_petraea";"D";16;21;84;37;44.0476190476191;"deperissant";0.00196349540849362;"h1"
"T_350_4";84;9;5;0.05;2;3;26;"";"Troncais";350;4;"Quercus_petraea";"D";16;21;84;37;44.0476190476191;"deperissant";0.00392699081698724;"h2"
"T_350_4";84;10;5;0.05;1;1;29;"";"Troncais";350;4;"Quercus_petraea";"D";16;21;84;37;44.0476190476191;"deperissant";0.00196349540849362;"h2"
"T_368_1";75;1;5;0.05;2;3;15;"";"Troncais";368;1;"Quercus_petraea";"C";11.5;23.5;75;35;46.6666666666667;"sain";0.00392699081698724;"h1"
"T_368_1";75;2;5;0.05;2;1;20;"";"Troncais";368;1;"Quercus_petraea";"C";11.5;23.5;75;35;46.6666666666667;"sain";0.00392699081698724;"h2"
"T_368_1";75;3;5;0.05;2;3;30;"";"Troncais";368;1;"Quercus_petraea";"C";11.5;23.5;75;35;46.6666666666667;"sain";0.00392699081698724;"h3"
"T_368_1";75;4;5;0.05;2;4;22;"";"Troncais";368;1;"Quercus_petraea";"C";11.5;23.5;75;35;46.6666666666667;"sain";0.00392699081698724;"h2"
"T_368_1";75;5;5;0.05;2;3;27;"";"Troncais";368;1;"Quercus_petraea";"C";11.5;23.5;75;35;46.6666666666667;"sain";0.00392699081698724;"h2"
"T_368_2";63;1;5;0.05;4;3;28.5;"";"Troncais";368;2;"Quercus_petraea";"D";16.9;16.1;63;33;52.3809523809524;"deperissant";0.00785398163397448;"h3"
"T_368_2";63;2;15;0.15;4;3;25.5;"";"Troncais";368;2;"Quercus_petraea";"D";16.9;16.1;63;33;52.3809523809524;"deperissant";0.0706858347057703;"h2"
"T_368_2";63;3;15;0.15;10;2;24.5;"";"Troncais";368;2;"Quercus_petraea";"D";16.9;16.1;63;33;52.3809523809524;"deperissant";0.176714586764426;"h2"
"T_368_2";63;4;15;0.15;5;2;19;"";"Troncais";368;2;"Quercus_petraea";"D";16.9;16.1;63;33;52.3809523809524;"deperissant";0.0883572933822129;"h1"
"T_368_2";63;5;5;0.05;1;3;20.5;"";"Troncais";368;2;"Quercus_petraea";"D";16.9;16.1;63;33;52.3809523809524;"deperissant";0.00196349540849362;"h1"
"T_368_2";63;6;5;0.05;2;4;21;"";"Troncais";368;2;"Quercus_petraea";"D";16.9;16.1;63;33;52.3809523809524;"deperissant";0.00392699081698724;"h1"
"T_368_2";63;7;10;0.1;5;3;21;"";"Troncais";368;2;"Quercus_petraea";"D";16.9;16.1;63;33;52.3809523809524;"deperissant";0.0392699081698724;"h1"
"T_368_2";63;8;5;0.05;2;3;23.5;"";"Troncais";368;2;"Quercus_petraea";"D";16.9;16.1;63;33;52.3809523809524;"deperissant";0.00392699081698724;"h2"
"T_368_2";63;9;5;0.05;1;3;23.5;"";"Troncais";368;2;"Quercus_petraea";"D";16.9;16.1;63;33;52.3809523809524;"deperissant";0.00196349540849362;"h2"
"T_368_2";63;10;5;0.05;7;1;24;"";"Troncais";368;2;"Quercus_petraea";"D";16.9;16.1;63;33;52.3809523809524;"deperissant";0.0137444678594553;"h2"
"T_368_2";63;11;10;0.1;7;2;24;"";"Troncais";368;2;"Quercus_petraea";"D";16.9;16.1;63;33;52.3809523809524;"deperissant";0.0549778714378214;"h2"
"T_368_2";63;12;5;0.05;11;2;29;"";"Troncais";368;2;"Quercus_petraea";"D";16.9;16.1;63;33;52.3809523809524;"deperissant";0.0215984494934298;"h3"
"T_368_3";68;1;10;0.1;2;4;11;"";"Troncais";368;3;"Quercus_petraea";"D";19.5;17.5;68;37;54.4117647058823;"deperissant";0.015707963267949;"2t"
"T_368_3";68;2;10;0.1;2;4;20;"";"Troncais";368;3;"Quercus_petraea";"D";19.5;17.5;68;37;54.4117647058823;"deperissant";0.015707963267949;"h1"
"T_368_3";68;3;5;0.05;1;1;22;"";"Troncais";368;3;"Quercus_petraea";"D";19.5;17.5;68;37;54.4117647058823;"deperissant";0.00196349540849362;"h1"
"T_368_3";68;4;5;0.05;3;2;27;"";"Troncais";368;3;"Quercus_petraea";"D";19.5;17.5;68;37;54.4117647058823;"deperissant";0.00589048622548086;"h2"
"T_368_3";68;5;5;0.05;1;3;32;"";"Troncais";368;3;"Quercus_petraea";"D";19.5;17.5;68;37;54.4117647058823;"deperissant";0.00196349540849362;"h3"
"T_368_4";95;1;5;0.05;8;3;14;"";"Troncais";368;4;"Quercus_petraea";"E";15.1;20.9;95;36;37.8947368421053;"deperissant";0.015707963267949;"2t"
"T_368_4";95;2;5;0.05;4;4;19;"";"Troncais";368;4;"Quercus_petraea";"E";15.1;20.9;95;36;37.8947368421053;"deperissant";0.00785398163397448;"h1"
"T_368_4";95;3;15;0.15;1;2;25;"vestige charpentier diam 20";"Troncais";368;4;"Quercus_petraea";"E";15.1;20.9;95;36;37.8947368421053;"deperissant";0.0176714586764426;"h2"
"T_368_4";95;4;15;0.15;1;2;25;"";"Troncais";368;4;"Quercus_petraea";"E";15.1;20.9;95;36;37.8947368421053;"deperissant";0.0176714586764426;"h2"
"T_368_4";95;5;5;0.05;1;2;28;"";"Troncais";368;4;"Quercus_petraea";"E";15.1;20.9;95;36;37.8947368421053;"deperissant";0.00196349540849362;"h2"
"T_368_4";95;6;10;0.1;8;3;22;"";"Troncais";368;4;"Quercus_petraea";"E";15.1;20.9;95;36;37.8947368421053;"deperissant";0.0628318530717959;"h1"
"T_368_4";95;7;5;0.05;2;2;30;"";"Troncais";368;4;"Quercus_petraea";"E";15.1;20.9;95;36;37.8947368421053;"deperissant";0.00392699081698724;"h3"
"T_368_4";95;8;5;0.05;5;3;20;"";"Troncais";368;4;"Quercus_petraea";"E";15.1;20.9;95;36;37.8947368421053;"deperissant";0.0098174770424681;"h1"
"T_368_4";95;9;10;0.1;5;2;23;"";"Troncais";368;4;"Quercus_petraea";"E";15.1;20.9;95;36;37.8947368421053;"deperissant";0.0392699081698724;"h2"
"T_368_4";95;10;5;0.05;1;1;28;"";"Troncais";368;4;"Quercus_petraea";"E";15.1;20.9;95;36;37.8947368421053;"deperissant";0.00196349540849362;"h2"
"T_413_1";94;1;5;0.05;1;4;11;"";"Troncais";413;1;"Quercus_petraea";"D";9.2;25.8;94;35;37.2340425531915;"deperissant";0.00196349540849362;"h1"
"T_413_1";94;2;10;0.1;3;3;12.5;"";"Troncais";413;1;"Quercus_petraea";"D";9.2;25.8;94;35;37.2340425531915;"deperissant";0.0235619449019235;"h1"
"T_413_1";94;3;10;0.1;2;2;23;"";"Troncais";413;1;"Quercus_petraea";"D";9.2;25.8;94;35;37.2340425531915;"deperissant";0.015707963267949;"h2"
"T_413_1";94;4;5;0.05;2;1;27;"";"Troncais";413;1;"Quercus_petraea";"D";9.2;25.8;94;35;37.2340425531915;"deperissant";0.00392699081698724;"h3"
"T_413_1";94;5;5;0.05;1;2;25.5;"";"Troncais";413;1;"Quercus_petraea";"D";9.2;25.8;94;35;37.2340425531915;"deperissant";0.00196349540849362;"h2"
"T_413_2";81;1;5;0.05;1;3;18;"perche";"Troncais";413;2;"Quercus_petraea";"D";9;24;81;33;40.7407407407407;"deperissant";0.00196349540849362;"h2"
"T_413_2";81;2;5;0.05;3;2;22;"";"Troncais";413;2;"Quercus_petraea";"D";9;24;81;33;40.7407407407407;"deperissant";0.00589048622548086;"h2"
"T_413_2";81;3;15;0.15;10;3;13;"perche";"Troncais";413;2;"Quercus_petraea";"D";9;24;81;33;40.7407407407407;"deperissant";0.176714586764426;"h1"
"T_413_2";81;4;10;0.1;12;3;17;"";"Troncais";413;2;"Quercus_petraea";"D";9;24;81;33;40.7407407407407;"deperissant";0.0942477796076938;"h1"
"T_413_2";81;5;5;0.05;1;4;20;"";"Troncais";413;2;"Quercus_petraea";"D";9;24;81;33;40.7407407407407;"deperissant";0.00196349540849362;"h2"
"T_413_2";81;6;5;0.05;2;2;20;"";"Troncais";413;2;"Quercus_petraea";"D";9;24;81;33;40.7407407407407;"deperissant";0.00392699081698724;"h2"
"T_413_2";81;7;15;0.15;1;2;22;"";"Troncais";413;2;"Quercus_petraea";"D";9;24;81;33;40.7407407407407;"deperissant";0.0176714586764426;"h2"
"T_413_2";81;8;5;0.05;1;3;20;"";"Troncais";413;2;"Quercus_petraea";"D";9;24;81;33;40.7407407407407;"deperissant";0.00196349540849362;"h2"
"T_413_2";81;9;5;0.05;2;3;24;"";"Troncais";413;2;"Quercus_petraea";"D";9;24;81;33;40.7407407407407;"deperissant";0.00392699081698724;"h2"
"T_413_2";81;10;10;0.1;1;2;23;"";"Troncais";413;2;"Quercus_petraea";"D";9;24;81;33;40.7407407407407;"deperissant";0.00785398163397448;"h2"
"T_413_2";81;11;10;0.1;2;2;23;"";"Troncais";413;2;"Quercus_petraea";"D";9;24;81;33;40.7407407407407;"deperissant";0.015707963267949;"h2"
"T_413_2";81;12;10;0.1;3;1;27;"";"Troncais";413;2;"Quercus_petraea";"D";9;24;81;33;40.7407407407407;"deperissant";0.0235619449019235;"h3"
"T_413_2";81;13;5;0.05;1;2;26;"";"Troncais";413;2;"Quercus_petraea";"D";9;24;81;33;40.7407407407407;"deperissant";0.00196349540849362;"h3"
"T_413_3";56;1;10;0.1;3;4;20;"";"Troncais";413;3;"Quercus_petraea";"D";11;20;56;31;55.3571428571429;"deperissant";0.0235619449019235;"h2"
"T_413_3";56;2;5;0.05;1;2;22.5;"";"Troncais";413;3;"Quercus_petraea";"D";11;20;56;31;55.3571428571429;"deperissant";0.00196349540849362;"h2"
"T_413_3";56;3;5;0.05;3;3;23.5;"";"Troncais";413;3;"Quercus_petraea";"D";11;20;56;31;55.3571428571429;"deperissant";0.00589048622548086;"h2"
"T_413_3";56;4;10;0.1;6;3;17;"";"Troncais";413;3;"Quercus_petraea";"D";11;20;56;31;55.3571428571429;"deperissant";0.0471238898038469;"h1"
"T_413_3";56;5;5;0.05;1;2;24;"";"Troncais";413;3;"Quercus_petraea";"D";11;20;56;31;55.3571428571429;"deperissant";0.00196349540849362;"h2"
"T_413_4";63;1;5;0.05;3;3;15;"";"Troncais";413;4;"Quercus_petraea";"D";15;16;63;31;49.2063492063492;"deperissant";0.00589048622548086;"2t"
"T_413_4";63;2;5;0.05;2;3;15;"";"Troncais";413;4;"Quercus_petraea";"D";15;16;63;31;49.2063492063492;"deperissant";0.00392699081698724;"2t"
"T_413_4";63;3;5;0.05;1;3;15;"";"Troncais";413;4;"Quercus_petraea";"D";15;16;63;31;49.2063492063492;"deperissant";0.00196349540849362;"2t"
"T_413_4";63;4;5;0.05;3;4;15;"";"Troncais";413;4;"Quercus_petraea";"D";15;16;63;31;49.2063492063492;"deperissant";0.00589048622548086;"2t"
"T_413_4";63;5;5;0.05;3;4;19;"";"Troncais";413;4;"Quercus_petraea";"D";15;16;63;31;49.2063492063492;"deperissant";0.00589048622548086;"h1"
"T_413_4";63;6;5;0.05;1;4;20;"";"Troncais";413;4;"Quercus_petraea";"D";15;16;63;31;49.2063492063492;"deperissant";0.00196349540849362;"h1"
"T_413_4";63;7;5;0.05;6;3;23;"";"Troncais";413;4;"Quercus_petraea";"D";15;16;63;31;49.2063492063492;"deperissant";0.0117809724509617;"h2"
"T_413_4";63;8;10;0.1;3;2;24;"";"Troncais";413;4;"Quercus_petraea";"D";15;16;63;31;49.2063492063492;"deperissant";0.0235619449019235;"h2"
"T_413_4";63;9;10;0.1;1;2;26;"";"Troncais";413;4;"Quercus_petraea";"D";15;16;63;31;49.2063492063492;"deperissant";0.00785398163397448;"h3"
"T_413_4";63;10;5;0.05;1;3;25;"";"Troncais";413;4;"Quercus_petraea";"D";15;16;63;31;49.2063492063492;"deperissant";0.00196349540849362;"h2"
"T_43_1";82;1;5;0.05;2;4;19;"";"Troncais";43;1;"Quercus_petraea";"B";16.4;20.6;82;37;45.1219512195122;"sain";0.00392699081698724;"h1"
"T_43_1";82;2;15;0.15;1;4;20.5;"";"Troncais";43;1;"Quercus_petraea";"B";16.4;20.6;82;37;45.1219512195122;"sain";0.0176714586764426;"h1"
"T_43_1";82;3;5;0.05;2;4;22.5;"";"Troncais";43;1;"Quercus_petraea";"B";16.4;20.6;82;37;45.1219512195122;"sain";0.00392699081698724;"h1"
"T_43_1";82;4;10;0.1;1;3;28;"";"Troncais";43;1;"Quercus_petraea";"B";16.4;20.6;82;37;45.1219512195122;"sain";0.00785398163397448;"h2"
"T_43_1";82;5;5;0.05;1;3;30;"";"Troncais";43;1;"Quercus_petraea";"B";16.4;20.6;82;37;45.1219512195122;"sain";0.00196349540849362;"h2"
"T_43_1";82;6;10;0.1;1;3;30;"";"Troncais";43;1;"Quercus_petraea";"B";16.4;20.6;82;37;45.1219512195122;"sain";0.00785398163397448;"h2"
"T_43_1";82;7;5;0.05;1;4;25;"";"Troncais";43;1;"Quercus_petraea";"B";16.4;20.6;82;37;45.1219512195122;"sain";0.00196349540849362;"h2"
"T_43_2";77;1;15;0.15;10;4;18;"";"Troncais";43;2;"Quercus_petraea";"D";24.5;13.5;77;38;49.3506493506493;"deperissant";0.176714586764426;"2t"
"T_43_2";77;2;15;0.15;12;3;21.5;"";"Troncais";43;2;"Quercus_petraea";"D";24.5;13.5;77;38;49.3506493506493;"deperissant";0.212057504117311;"2t"
"T_43_2";77;3;5;0.05;1;3;28;"";"Troncais";43;2;"Quercus_petraea";"D";24.5;13.5;77;38;49.3506493506493;"deperissant";0.00196349540849362;"h1"
"T_43_2";77;4;5;0.05;1;3;21;"";"Troncais";43;2;"Quercus_petraea";"D";24.5;13.5;77;38;49.3506493506493;"deperissant";0.00196349540849362;"2t"
"T_43_2";77;5;5;0.05;1;3;32.5;"";"Troncais";43;2;"Quercus_petraea";"D";24.5;13.5;77;38;49.3506493506493;"deperissant";0.00196349540849362;"h2"
"T_43_2";77;6;5;0.05;2;3;29;"";"Troncais";43;2;"Quercus_petraea";"D";24.5;13.5;77;38;49.3506493506493;"deperissant";0.00392699081698724;"h1"
"T_43_3";84;1;5;0.05;2;4;20.5;"";"Troncais";43;3;"Quercus_petraea";"D";21;13;84;34;40.4761904761905;"deperissant";0.00392699081698724;"2t"
"T_43_3";84;2;5;0.05;1;4;17;"";"Troncais";43;3;"Quercus_petraea";"D";21;13;84;34;40.4761904761905;"deperissant";0.00196349540849362;"2t"
"T_43_3";84;3;20;0.2;5;4;21.5;"";"Troncais";43;3;"Quercus_petraea";"D";21;13;84;34;40.4761904761905;"deperissant";0.15707963267949;"h1"
"T_43_3";84;4;5;0.05;3;2;25;"";"Troncais";43;3;"Quercus_petraea";"D";21;13;84;34;40.4761904761905;"deperissant";0.00589048622548086;"h1"
"T_43_3";84;5;5;0.05;1;2;28;"";"Troncais";43;3;"Quercus_petraea";"D";21;13;84;34;40.4761904761905;"deperissant";0.00196349540849362;"h2"
"T_43_3";84;6;15;0.15;1;4;24.5;"";"Troncais";43;3;"Quercus_petraea";"D";21;13;84;34;40.4761904761905;"deperissant";0.0176714586764426;"h1"
"T_43_3";84;7;10;0.1;1;4;26.5;"";"Troncais";43;3;"Quercus_petraea";"D";21;13;84;34;40.4761904761905;"deperissant";0.00785398163397448;"h2"
"T_43_3";84;8;10;0.1;1;3;28;"";"Troncais";43;3;"Quercus_petraea";"D";21;13;84;34;40.4761904761905;"deperissant";0.00785398163397448;"h2"
"T_43_3";84;9;10;0.1;1;2;28;"";"Troncais";43;3;"Quercus_petraea";"D";21;13;84;34;40.4761904761905;"deperissant";0.00785398163397448;"h2"
"T_43_3";84;10;10;0.1;1;2;30;"";"Troncais";43;3;"Quercus_petraea";"D";21;13;84;34;40.4761904761905;"deperissant";0.00785398163397448;"h3"
"T_43_4";92;1;5;0.05;1;4;18;"";"Troncais";43;4;"Quercus_petraea";"D";15;19;92;34;36.9565217391304;"deperissant";0.00196349540849362;"h1"
"T_43_4";92;2;10;0.1;1;4;18;"";"Troncais";43;4;"Quercus_petraea";"D";15;19;92;34;36.9565217391304;"deperissant";0.00785398163397448;"h1"
"T_43_4";92;3;10;0.1;7;3;18;"";"Troncais";43;4;"Quercus_petraea";"D";15;19;92;34;36.9565217391304;"deperissant";0.0549778714378214;"h1"
"T_43_4";92;4;5;0.05;2;4;20.5;"";"Troncais";43;4;"Quercus_petraea";"D";15;19;92;34;36.9565217391304;"deperissant";0.00392699081698724;"h1"
"T_43_4";92;5;15;0.15;9;3;24;"";"Troncais";43;4;"Quercus_petraea";"D";15;19;92;34;36.9565217391304;"deperissant";0.159043128087983;"h2"
"T_43_4";92;6;5;0.05;2;4;26;"";"Troncais";43;4;"Quercus_petraea";"D";15;19;92;34;36.9565217391304;"deperissant";0.00392699081698724;"h2"
"T_43_4";92;7;5;0.05;2;4;27.5;"";"Troncais";43;4;"Quercus_petraea";"D";15;19;92;34;36.9565217391304;"deperissant";0.00392699081698724;"h2"
"T_43_4";92;8;10;0.1;6;2;28;"";"Troncais";43;4;"Quercus_petraea";"D";15;19;92;34;36.9565217391304;"deperissant";0.0471238898038469;"h3"
"T_43_4";92;9;5;0.05;2;2;27;"";"Troncais";43;4;"Quercus_petraea";"D";15;19;92;34;36.9565217391304;"deperissant";0.00392699081698724;"h2"
"V_169_1";55;1;5;0.05;2;4;7.5;"";"Vierzon";169;1;"Quercus";"C";15.6;14.4;55;30;54.5454545454545;"sain";0.00392699081698724;"2t"
"V_169_2";47;1;NA;NA;NA;NA;NA;"";"Vierzon";169;2;"Quercus_petraea";"D";16.3;16.7;47;33;70.2127659574468;"deperissant";NA;NA
"V_169_3";55;1;5;NA;1;4;18;"";"Vierzon";169;3;"Quercus_petraea";"D";16;14;55;30;54.5454545454545;"deperissant";NA;"h1"
"V_169_3";55;2;10;NA;4;2;22;"";"Vierzon";169;3;"Quercus_petraea";"D";16;14;55;30;54.5454545454545;"deperissant";NA;"h2"
"V_169_3";55;3;5;NA;1;NA;17;"";"Vierzon";169;3;"Quercus_petraea";"D";16;14;55;30;54.5454545454545;"deperissant";NA;"h1"
"V_169_4";52;1;NA;NA;NA;NA;NA;"";"Vierzon";169;4;"Quercus_petraea";"D";14.8;15.2;52;30;57.6923076923077;"deperissant";NA;NA
"V_179_1";63;1;5;0.05;2;3;16;"";"Vierzon";179;1;"Quercus";"C";NA;NA;63;36;57.1428571428571;"sain";0.00392699081698724;NA
"V_179_1";63;2;5;0.05;3;3;17;"";"Vierzon";179;1;"Quercus";"C";NA;NA;63;36;57.1428571428571;"sain";0.00589048622548086;NA
"V_179_1";63;3;10;0.1;4;4;21;"";"Vierzon";179;1;"Quercus";"C";NA;NA;63;36;57.1428571428571;"sain";0.0314159265358979;NA
"V_179_1";63;4;10;0.1;4;4;22;"";"Vierzon";179;1;"Quercus";"C";NA;NA;63;36;57.1428571428571;"sain";0.0314159265358979;NA
"V_179_1";63;5;5;0.05;1;4;25.5;"";"Vierzon";179;1;"Quercus";"C";NA;NA;63;36;57.1428571428571;"sain";0.00196349540849362;NA
"V_179_1";63;6;5;0.05;1;4;25.5;"";"Vierzon";179;1;"Quercus";"C";NA;NA;63;36;57.1428571428571;"sain";0.00196349540849362;NA
"V_179_1";63;7;5;0.05;2;3;9;"";"Vierzon";179;1;"Quercus";"C";NA;NA;63;36;57.1428571428571;"sain";0.00392699081698724;NA
"V_179_1";63;8;5;0.05;2;4;11;"";"Vierzon";179;1;"Quercus";"C";NA;NA;63;36;57.1428571428571;"sain";0.00392699081698724;NA
"V_179_1";63;9;5;0.05;6;3;11;"";"Vierzon";179;1;"Quercus";"C";NA;NA;63;36;57.1428571428571;"sain";0.0117809724509617;NA
"V_179_1";63;10;5;0.05;2;3;24;"";"Vierzon";179;1;"Quercus";"C";NA;NA;63;36;57.1428571428571;"sain";0.00392699081698724;NA
"V_179_1";63;11;5;0.05;2;2;24;"";"Vierzon";179;1;"Quercus";"C";NA;NA;63;36;57.1428571428571;"sain";0.00392699081698724;NA
"V_179_1";63;12;5;0.05;1;3;15;"";"Vierzon";179;1;"Quercus";"C";NA;NA;63;36;57.1428571428571;"sain";0.00196349540849362;NA
"V_179_1";63;13;10;0.1;1;3;10;"";"Vierzon";179;1;"Quercus";"C";NA;NA;63;36;57.1428571428571;"sain";0.00785398163397448;NA
"V_179_1";63;14;5;0.05;5;4;10.5;"";"Vierzon";179;1;"Quercus";"C";NA;NA;63;36;57.1428571428571;"sain";0.0098174770424681;NA
"V_179_1";63;15;10;0.1;2;3;13;"";"Vierzon";179;1;"Quercus";"C";NA;NA;63;36;57.1428571428571;"sain";0.015707963267949;NA
"V_179_3";83;1;5;0.05;3;4;9;"";"Vierzon";179;3;"Quercus_robur";"B";11.5;17.5;83;29;34.9397590361446;"sain";0.00589048622548086;"2t"
"V_179_3";83;2;10;0.1;1;3;11.5;"";"Vierzon";179;3;"Quercus_robur";"B";11.5;17.5;83;29;34.9397590361446;"sain";0.00785398163397448;"2t"
"V_179_3";83;3;5;0.05;2;3;16;"";"Vierzon";179;3;"Quercus_robur";"B";11.5;17.5;83;29;34.9397590361446;"sain";0.00392699081698724;"h1"
"V_179_3";83;4;5;0.05;2;3;17;"";"Vierzon";179;3;"Quercus_robur";"B";11.5;17.5;83;29;34.9397590361446;"sain";0.00392699081698724;"h1"
"V_179_3";83;5;5;0.05;4;2;17;"";"Vierzon";179;3;"Quercus_robur";"B";11.5;17.5;83;29;34.9397590361446;"sain";0.00785398163397448;"h1"
"V_179_3";83;6;5;0.05;2;4;18;"";"Vierzon";179;3;"Quercus_robur";"B";11.5;17.5;83;29;34.9397590361446;"sain";0.00392699081698724;"h2"
"V_179_3";83;7;5;0.05;3;2;20;"";"Vierzon";179;3;"Quercus_robur";"B";11.5;17.5;83;29;34.9397590361446;"sain";0.00589048622548086;"h2"
"V_179_3";83;8;5;0.05;1;3;12;"";"Vierzon";179;3;"Quercus_robur";"B";11.5;17.5;83;29;34.9397590361446;"sain";0.00196349540849362;"h1"
"V_179_3";83;9;10;0.1;1;3;12;"";"Vierzon";179;3;"Quercus_robur";"B";11.5;17.5;83;29;34.9397590361446;"sain";0.00785398163397448;"h1"
"V_179_3";83;10;10;0.1;1;3;12;"";"Vierzon";179;3;"Quercus_robur";"B";11.5;17.5;83;29;34.9397590361446;"sain";0.00785398163397448;"h1"
"V_179_3";83;11;20;0.2;8;3;14;"";"Vierzon";179;3;"Quercus_robur";"B";11.5;17.5;83;29;34.9397590361446;"sain";0.251327412287183;"h1"
"V_179_3";83;12;10;0.1;2;3;15;"";"Vierzon";179;3;"Quercus_robur";"B";11.5;17.5;83;29;34.9397590361446;"sain";0.015707963267949;"h1"
"V_179_3";83;13;15;0.15;6;2;19.5;"";"Vierzon";179;3;"Quercus_robur";"B";11.5;17.5;83;29;34.9397590361446;"sain";0.106028752058656;"h2"
"V_179_3";83;14;10;0.1;6;2;18;"";"Vierzon";179;3;"Quercus_robur";"B";11.5;17.5;83;29;34.9397590361446;"sain";0.0471238898038469;"h2"
"V_179_3";83;15;10;0.1;4;2;18;"";"Vierzon";179;3;"Quercus_robur";"B";11.5;17.5;83;29;34.9397590361446;"sain";0.0314159265358979;"h2"
"V_179_3";83;16;15;0.15;6;3;22;"";"Vierzon";179;3;"Quercus_robur";"B";11.5;17.5;83;29;34.9397590361446;"sain";0.106028752058656;"h2"
"V_22_1";81;1;5;0.05;1;3;9.5;"";"Vierzon";22;1;"Quercus";"C";7;25;81;32;39.5061728395062;"sain";0.00196349540849362;"h1"
"V_22_1";81;2;5;0.05;1;3;9.5;"";"Vierzon";22;1;"Quercus";"C";7;25;81;32;39.5061728395062;"sain";0.00196349540849362;"h1"
"V_22_1";81;3;10;0.1;2;4;12;"";"Vierzon";22;1;"Quercus";"C";7;25;81;32;39.5061728395062;"sain";0.015707963267949;"h1"
"V_22_1";81;4;10;0.1;2;4;14;"";"Vierzon";22;1;"Quercus";"C";7;25;81;32;39.5061728395062;"sain";0.015707963267949;"h1"
"V_22_1";81;5;10;0.1;1;3;25;"";"Vierzon";22;1;"Quercus";"C";7;25;81;32;39.5061728395062;"sain";0.00785398163397448;"h3"
"V_22_3";71;1;5;0.05;2;3;6.5;"";"Vierzon";22;3;"Quercus_robur";"D";9.5;23.5;71;33;46.4788732394366;"deperissant";0.00392699081698724;"2t"
"V_22_3";71;2;5;0.05;1;3;6.5;"";"Vierzon";22;3;"Quercus_robur";"D";9.5;23.5;71;33;46.4788732394366;"deperissant";0.00196349540849362;"2t"
"V_22_3";71;3;5;0.05;1;3;6.5;"";"Vierzon";22;3;"Quercus_robur";"D";9.5;23.5;71;33;46.4788732394366;"deperissant";0.00196349540849362;"2t"
"V_22_3";71;4;10;0.1;4;3;9;"";"Vierzon";22;3;"Quercus_robur";"D";9.5;23.5;71;33;46.4788732394366;"deperissant";0.0314159265358979;"2t"
"V_22_3";71;5;10;0.1;6;3;9;"";"Vierzon";22;3;"Quercus_robur";"D";9.5;23.5;71;33;46.4788732394366;"deperissant";0.0471238898038469;"2t"
"V_22_3";71;6;5;0.05;1;3;9;"";"Vierzon";22;3;"Quercus_robur";"D";9.5;23.5;71;33;46.4788732394366;"deperissant";0.00196349540849362;"2t"
"V_22_3";71;7;15;0.15;15;3;11;"";"Vierzon";22;3;"Quercus_robur";"D";9.5;23.5;71;33;46.4788732394366;"deperissant";0.265071880146639;"h1"
"V_22_3";71;8;10;0.1;8;3;9;"";"Vierzon";22;3;"Quercus_robur";"D";9.5;23.5;71;33;46.4788732394366;"deperissant";0.0628318530717959;"2t"
"V_22_3";71;9;10;0.1;6;2;16;"";"Vierzon";22;3;"Quercus_robur";"D";9.5;23.5;71;33;46.4788732394366;"deperissant";0.0471238898038469;"h1"
"V_22_3";71;10;5;0.05;2;2;17;"";"Vierzon";22;3;"Quercus_robur";"D";9.5;23.5;71;33;46.4788732394366;"deperissant";0.00392699081698724;"h1"
"V_22_3";71;11;10;0.1;5;2;19;"";"Vierzon";22;3;"Quercus_robur";"D";9.5;23.5;71;33;46.4788732394366;"deperissant";0.0392699081698724;"h2"
"V_22_3";71;12;5;0.05;2;2;20;"";"Vierzon";22;3;"Quercus_robur";"D";9.5;23.5;71;33;46.4788732394366;"deperissant";0.00392699081698724;"h2"
"V_22_3";71;13;5;0.05;2;3;20;"";"Vierzon";22;3;"Quercus_robur";"D";9.5;23.5;71;33;46.4788732394366;"deperissant";0.00392699081698724;"h2"
"V_22_3";71;14;10;0.1;3;3;14;"";"Vierzon";22;3;"Quercus_robur";"D";9.5;23.5;71;33;46.4788732394366;"deperissant";0.0235619449019235;"h1"
"V_22_3";71;15;15;0.15;8;2;14;"";"Vierzon";22;3;"Quercus_robur";"D";9.5;23.5;71;33;46.4788732394366;"deperissant";0.141371669411541;"h1"
"V_22_3";71;16;15;0.15;6;2;19.5;"";"Vierzon";22;3;"Quercus_robur";"D";9.5;23.5;71;33;46.4788732394366;"deperissant";0.106028752058656;"h2"
"V_22_3";71;17;10;0.1;5;2;20;"";"Vierzon";22;3;"Quercus_robur";"D";9.5;23.5;71;33;46.4788732394366;"deperissant";0.0392699081698724;"h2"
"V_22_3";71;18;5;0.05;2;2;25;"";"Vierzon";22;3;"Quercus_robur";"D";9.5;23.5;71;33;46.4788732394366;"deperissant";0.00392699081698724;"h2"
"V_22_3";71;19;5;0.05;2;2;25;"";"Vierzon";22;3;"Quercus_robur";"D";9.5;23.5;71;33;46.4788732394366;"deperissant";0.00392699081698724;"h2"
"V_22_4";77;1;5;0.05;1;4;8.5;"";"Vierzon";22;4;"Quercus_robur";"D";9;24;77;33;42.8571428571429;"deperissant";0.00196349540849362;"2t"
"V_22_4";77;2;10;0.1;8;3;9;"";"Vierzon";22;4;"Quercus_robur";"D";9;24;77;33;42.8571428571429;"deperissant";0.0628318530717959;"2t"
"V_22_4";77;3;5;0.05;3;3;10;"";"Vierzon";22;4;"Quercus_robur";"D";9;24;77;33;42.8571428571429;"deperissant";0.00589048622548086;"h1"
"V_22_4";77;4;5;0.05;1;3;11;"";"Vierzon";22;4;"Quercus_robur";"D";9;24;77;33;42.8571428571429;"deperissant";0.00196349540849362;"h1"
"V_22_4";77;5;20;0.2;16;2;11;"";"Vierzon";22;4;"Quercus_robur";"D";9;24;77;33;42.8571428571429;"deperissant";0.502654824574367;"h1"
"V_22_4";77;6;10;0.1;7;4;11;"";"Vierzon";22;4;"Quercus_robur";"D";9;24;77;33;42.8571428571429;"deperissant";0.0549778714378214;"h1"
"V_22_4";77;7;10;0.1;5;3;11;"";"Vierzon";22;4;"Quercus_robur";"D";9;24;77;33;42.8571428571429;"deperissant";0.0392699081698724;"h1"
"V_22_4";77;8;5;0.05;2;4;16;"";"Vierzon";22;4;"Quercus_robur";"D";9;24;77;33;42.8571428571429;"deperissant";0.00392699081698724;"h1"
"V_22_4";77;9;5;0.05;2;4;17;"";"Vierzon";22;4;"Quercus_robur";"D";9;24;77;33;42.8571428571429;"deperissant";0.00392699081698724;"h1"
"V_22_4";77;10;10;0.1;8;4;18;"";"Vierzon";22;4;"Quercus_robur";"D";9;24;77;33;42.8571428571429;"deperissant";0.0628318530717959;"h2"
"V_22_4";77;11;10;0.1;2;3;23;"";"Vierzon";22;4;"Quercus_robur";"D";9;24;77;33;42.8571428571429;"deperissant";0.015707963267949;"h2"
"V_22_4";77;12;10;0.1;4;4;15;"";"Vierzon";22;4;"Quercus_robur";"D";9;24;77;33;42.8571428571429;"deperissant";0.0314159265358979;"h1"
"V_22_4";77;13;10;0.1;5;2;22;"";"Vierzon";22;4;"Quercus_robur";"D";9;24;77;33;42.8571428571429;"deperissant";0.0392699081698724;"h2"
"V_22_4";77;14;10;0.1;3;3;22;"";"Vierzon";22;4;"Quercus_robur";"D";9;24;77;33;42.8571428571429;"deperissant";0.0235619449019235;"h2"
"V_22_4";77;15;5;0.05;1;2;29;"";"Vierzon";22;4;"Quercus_robur";"D";9;24;77;33;42.8571428571429;"deperissant";0.00196349540849362;"h3"
"V_236_1";104;1;20;0.2;1;3;10;"";"Vierzon";236;1;"Quercus";"C";NA;NA;104;26;25;"sain";0.0314159265358979;NA
"V_236_1";104;2;5;0.05;1;3;11.5;"";"Vierzon";236;1;"Quercus";"C";NA;NA;104;26;25;"sain";0.00196349540849362;NA
"V_236_1";104;3;20;0.2;1;3;11.5;"";"Vierzon";236;1;"Quercus";"C";NA;NA;104;26;25;"sain";0.0314159265358979;NA
"V_236_1";104;4;5;0.05;2;3;14.5;"";"Vierzon";236;1;"Quercus";"C";NA;NA;104;26;25;"sain";0.00392699081698724;NA
"V_236_1";104;5;10;0.1;4;4;15;"";"Vierzon";236;1;"Quercus";"C";NA;NA;104;26;25;"sain";0.0314159265358979;NA
"V_236_1";104;6;20;0.2;10;2;16.5;"";"Vierzon";236;1;"Quercus";"C";NA;NA;104;26;25;"sain";0.314159265358979;NA
"V_236_1";104;7;5;0.05;1;3;21.5;"";"Vierzon";236;1;"Quercus";"C";NA;NA;104;26;25;"sain";0.00196349540849362;NA
"V_236_1";104;8;10;0.1;1;3;16;"";"Vierzon";236;1;"Quercus";"C";NA;NA;104;26;25;"sain";0.00785398163397448;NA
"V_236_1";104;9;5;0.05;1;3;23;"";"Vierzon";236;1;"Quercus";"C";NA;NA;104;26;25;"sain";0.00196349540849362;NA
"V_236_1";104;10;5;0.05;1;3;19;"";"Vierzon";236;1;"Quercus";"C";NA;NA;104;26;25;"sain";0.00196349540849362;NA
"V_236_1";104;11;5;0.05;1;2;19;"";"Vierzon";236;1;"Quercus";"C";NA;NA;104;26;25;"sain";0.00196349540849362;NA
"V_236_1";104;12;5;0.05;1;2;19;"";"Vierzon";236;1;"Quercus";"C";NA;NA;104;26;25;"sain";0.00196349540849362;NA
"V_236_1";104;13;5;0.05;1;3;22;"";"Vierzon";236;1;"Quercus";"C";NA;NA;104;26;25;"sain";0.00196349540849362;NA
"V_236_1";104;14;10;0.1;5;2;15;"";"Vierzon";236;1;"Quercus";"C";NA;NA;104;26;25;"sain";0.0392699081698724;NA
"V_236_1";104;15;5;0.05;1;2;19;"";"Vierzon";236;1;"Quercus";"C";NA;NA;104;26;25;"sain";0.00196349540849362;NA
"V_236_2";61;1;15;0.15;7;4;13;"";"Vierzon";236;2;"Quercus_petraea";"B";13.4;12.6;61;26;42.6229508196721;"sain";0.123700210735098;"2t"
"V_236_2";61;2;5;0.05;2;4;15;"";"Vierzon";236;2;"Quercus_petraea";"B";13.4;12.6;61;26;42.6229508196721;"sain";0.00392699081698724;"h1"
"V_236_2";61;3;5;0.05;4;4;15;"";"Vierzon";236;2;"Quercus_petraea";"B";13.4;12.6;61;26;42.6229508196721;"sain";0.00785398163397448;"h1"
"V_236_2";61;4;5;0.05;2;3;18;"";"Vierzon";236;2;"Quercus_petraea";"B";13.4;12.6;61;26;42.6229508196721;"sain";0.00392699081698724;"h2"
"V_236_2";61;5;5;0.05;1;3;30;"";"Vierzon";236;2;"Quercus_petraea";"B";13.4;12.6;61;26;42.6229508196721;"sain";0.00196349540849362;"h3"
"V_236_3";72;1;10;0.1;3;3;16.5;"";"Vierzon";236;3;"Quercus_petraea";"B";13.8;14.2;72;28;38.8888888888889;"sain";0.0235619449019235;"h1"
"V_236_3";72;2;5;0.05;2;3;18;"";"Vierzon";236;3;"Quercus_petraea";"B";13.8;14.2;72;28;38.8888888888889;"sain";0.00392699081698724;"h1"
"V_236_3";72;3;15;0.15;5;2;19;"";"Vierzon";236;3;"Quercus_petraea";"B";13.8;14.2;72;28;38.8888888888889;"sain";0.0883572933822129;"h2"
"V_236_3";72;4;10;0.1;2;3;16;"";"Vierzon";236;3;"Quercus_petraea";"B";13.8;14.2;72;28;38.8888888888889;"sain";0.015707963267949;"h1"
"V_236_4";88;1;15;0.15;4;3;10;"";"Vierzon";236;4;"Quercus_petraea";"C";9.5;14.5;88;24;27.2727272727273;"sain";0.0706858347057703;"h1"
"V_236_4";88;2;10;0.1;3;3;11;"";"Vierzon";236;4;"Quercus_petraea";"C";9.5;14.5;88;24;27.2727272727273;"sain";0.0235619449019235;"h1"
"V_236_4";88;3;15;0.15;3;3;12;"";"Vierzon";236;4;"Quercus_petraea";"C";9.5;14.5;88;24;27.2727272727273;"sain";0.0530143760293278;"h1"
"V_236_4";88;4;35;0.35;2;2;12.5;"";"Vierzon";236;4;"Quercus_petraea";"C";9.5;14.5;88;24;27.2727272727273;"sain";0.192422550032375;"h1"
"V_236_4";88;5;15;0.15;6;3;14;"";"Vierzon";236;4;"Quercus_petraea";"C";9.5;14.5;88;24;27.2727272727273;"sain";0.106028752058656;"h1"
"V_236_4";88;6;10;0.1;2;4;18;"";"Vierzon";236;4;"Quercus_petraea";"C";9.5;14.5;88;24;27.2727272727273;"sain";0.015707963267949;"h2"
"V_236_4";88;7;10;0.1;2;3;18;"";"Vierzon";236;4;"Quercus_petraea";"C";9.5;14.5;88;24;27.2727272727273;"sain";0.015707963267949;"h2"
"V_236_4";88;8;5;0.05;2;4;18;"";"Vierzon";236;4;"Quercus_petraea";"C";9.5;14.5;88;24;27.2727272727273;"sain";0.00392699081698724;"h2"
"V_236_4";88;9;10;0.1;1;4;16;"";"Vierzon";236;4;"Quercus_petraea";"C";9.5;14.5;88;24;27.2727272727273;"sain";0.00785398163397448;"h2"
"V_236_4";88;10;5;0.05;1;3;16;"";"Vierzon";236;4;"Quercus_petraea";"C";9.5;14.5;88;24;27.2727272727273;"sain";0.00196349540849362;"h2"
"V_236_4";88;11;10;0.1;2;3;17.5;"";"Vierzon";236;4;"Quercus_petraea";"C";9.5;14.5;88;24;27.2727272727273;"sain";0.015707963267949;"h2"
"V_236_4";88;12;5;0.05;2;2;24;"";"Vierzon";236;4;"Quercus_petraea";"C";9.5;14.5;88;24;27.2727272727273;"sain";0.00392699081698724;"h3"
"V_236_4";88;13;10;0.1;2;3;15;"";"Vierzon";236;4;"Quercus_petraea";"C";9.5;14.5;88;24;27.2727272727273;"sain";0.015707963267949;"h2"
"V_236_4";88;14;10;0.1;4;3;15;"";"Vierzon";236;4;"Quercus_petraea";"C";9.5;14.5;88;24;27.2727272727273;"sain";0.0314159265358979;"h2"
"V_236_4";88;15;10;0.1;2;3;21;"";"Vierzon";236;4;"Quercus_petraea";"C";9.5;14.5;88;24;27.2727272727273;"sain";0.015707963267949;"h3"
"V_236_4";88;16;5;0.05;2;2;21;"";"Vierzon";236;4;"Quercus_petraea";"C";9.5;14.5;88;24;27.2727272727273;"sain";0.00392699081698724;"h3"
"V_249_1";51;1;5;0.05;10;3;18;"";"Vierzon";249;1;"Quercus";"D";15.2;11.8;51;27;52.9411764705882;"deperissant";0.0196349540849362;"h1"
"V_249_1";51;2;10;0.1;6;3;21;"";"Vierzon";249;1;"Quercus";"D";15.2;11.8;51;27;52.9411764705882;"deperissant";0.0471238898038469;"h2"
"V_249_1";51;3;10;0.1;2;2;21.5;"";"Vierzon";249;1;"Quercus";"D";15.2;11.8;51;27;52.9411764705882;"deperissant";0.015707963267949;"h2"
"V_249_2";73;1;5;0.05;2;3;14.5;"jumelle";"Vierzon";249;2;"Quercus_robur";"C";15;14;73;29;39.7260273972603;"sain";0.00392699081698724;"2t"
"V_249_2";73;2;5;0.05;5;2;18;"jumelle";"Vierzon";249;2;"Quercus_robur";"C";15;14;73;29;39.7260273972603;"sain";0.0098174770424681;"h1"
"V_249_2";73;3;5;0.05;1;2;19;"jumelle";"Vierzon";249;2;"Quercus_robur";"C";15;14;73;29;39.7260273972603;"sain";0.00196349540849362;"h1"
"V_249_3";51;1;5;0.05;1;3;24.5;"";"Vierzon";249;3;"Quercus";"C";11.5;15.5;51;27;52.9411764705882;"sain";0.00196349540849362;"h3"
"V_249_4";62;1;5;0.05;2;1;9.5;"";"Vierzon";249;4;"Quercus_petraea";"D";9.7;14.3;62;24;38.7096774193548;"deperissant";0.00392699081698724;"2t"
"V_249_4";62;2;10;0.1;4;1;11.5;"";"Vierzon";249;4;"Quercus_petraea";"D";9.7;14.3;62;24;38.7096774193548;"deperissant";0.0314159265358979;"h1"
"V_249_4";62;3;5;0.05;1;2;12.5;"";"Vierzon";249;4;"Quercus_petraea";"D";9.7;14.3;62;24;38.7096774193548;"deperissant";0.00196349540849362;"h1"
"V_249_4";62;4;5;0.05;1;2;18.5;"";"Vierzon";249;4;"Quercus_petraea";"D";9.7;14.3;62;24;38.7096774193548;"deperissant";0.00196349540849362;"h2"
"V_249_4";62;5;5;0.05;1;3;9;"";"Vierzon";249;4;"Quercus_petraea";"D";9.7;14.3;62;24;38.7096774193548;"deperissant";0.00196349540849362;"2t"
"V_249_4";62;6;5;0.05;3;1;21;"";"Vierzon";249;4;"Quercus_petraea";"D";9.7;14.3;62;24;38.7096774193548;"deperissant";0.00589048622548086;"h3"
"V_249_4";62;7;5;0.05;1;2;22;"";"Vierzon";249;4;"Quercus_petraea";"D";9.7;14.3;62;24;38.7096774193548;"deperissant";0.00196349540849362;"h3"
"V_249_4";62;8;5;0.05;1;1;19;"";"Vierzon";249;4;"Quercus_petraea";"D";9.7;14.3;62;24;38.7096774193548;"deperissant";0.00196349540849362;"h2"
"V_270_1";65;1;5;0.05;2;2;10.5;"";"Vierzon";270;1;"Quercus";"C";14;15;65;29;44.6153846153846;"sain";0.00392699081698724;"2t"
"V_270_1";65;2;15;0.15;8;3;12;"";"Vierzon";270;1;"Quercus";"C";14;15;65;29;44.6153846153846;"sain";0.141371669411541;"2t"
"V_270_1";65;3;5;0.05;1;2;17.5;"";"Vierzon";270;1;"Quercus";"C";14;15;65;29;44.6153846153846;"sain";0.00196349540849362;"h1"
"V_270_2";58;1;5;0.05;1;4;13;"";"Vierzon";270;2;"Quercus_petraea";"B";10;16;58;26;44.8275862068966;"sain";0.00196349540849362;"h1"
"V_270_2";58;2;10;0.1;5;2;16.5;"";"Vierzon";270;2;"Quercus_petraea";"B";10;16;58;26;44.8275862068966;"sain";0.0392699081698724;"h2"
"V_270_2";58;3;5;0.05;3;3;16.5;"";"Vierzon";270;2;"Quercus_petraea";"B";10;16;58;26;44.8275862068966;"sain";0.00589048622548086;"h2"
"V_270_2";58;4;5;0.05;2;2;19.5;"";"Vierzon";270;2;"Quercus_petraea";"B";10;16;58;26;44.8275862068966;"sain";0.00392699081698724;"h2"
"V_270_3";62;1;10;0.1;1;2;18;"";"Vierzon";270;3;"Quercus_petraea";"C";8.5;21.5;62;30;48.3870967741936;"sain";0.00785398163397448;"h2"
"V_270_4";70;1;5;0.05;3;4;10;"";"Vierzon";270;4;"Quercus_petraea";"C";9.8;20.2;70;30;42.8571428571429;"sain";0.00589048622548086;"h1"
"V_270_4";70;2;5;0.05;1;2;16;"";"Vierzon";270;4;"Quercus_petraea";"C";9.8;20.2;70;30;42.8571428571429;"sain";0.00196349540849362;"h1"
"V_270_4";70;3;10;0.1;7;1;20;"";"Vierzon";270;4;"Quercus_petraea";"C";9.8;20.2;70;30;42.8571428571429;"sain";0.0549778714378214;"h2"
"V_270_4";70;4;10;0.1;4;2;21;"";"Vierzon";270;4;"Quercus_petraea";"C";9.8;20.2;70;30;42.8571428571429;"sain";0.0314159265358979;"h2"
"V_290_1";55;1;10;0.1;4;2;16;"";"Vierzon";290;1;"Quercus_petraea";"D";16.3;10.7;55;27;49.0909090909091;"deperissant";0.0314159265358979;"2t"
"V_290_1";55;2;5;0.05;1;2;17;"";"Vierzon";290;1;"Quercus_petraea";"D";16.3;10.7;55;27;49.0909090909091;"deperissant";0.00196349540849362;"h1"
"V_290_1";55;3;5;0.05;1;2;23;"";"Vierzon";290;1;"Quercus_petraea";"D";16.3;10.7;55;27;49.0909090909091;"deperissant";0.00196349540849362;"h2"
"V_290_2";52;1;5;0.05;1;4;13;"";"Vierzon";290;2;"Quercus_petraea";"C";8.2;16.8;52;25;48.0769230769231;"sain";0.00196349540849362;"h1"
"V_290_2";52;2;15;0.15;5;1;14;"";"Vierzon";290;2;"Quercus_petraea";"C";8.2;16.8;52;25;48.0769230769231;"sain";0.0883572933822129;"h2"
"V_290_2";52;3;10;0.1;4;2;17.5;"";"Vierzon";290;2;"Quercus_petraea";"C";8.2;16.8;52;25;48.0769230769231;"sain";0.0314159265358979;"h2"
"V_290_2";52;4;5;0.05;1;3;18;"";"Vierzon";290;2;"Quercus_petraea";"C";8.2;16.8;52;25;48.0769230769231;"sain";0.00196349540849362;"h2"
"V_290_2";52;5;5;0.05;1;2;19;"";"Vierzon";290;2;"Quercus_petraea";"C";8.2;16.8;52;25;48.0769230769231;"sain";0.00196349540849362;"h2"
"V_290_2";52;6;10;0.1;5;2;21;"";"Vierzon";290;2;"Quercus_petraea";"C";8.2;16.8;52;25;48.0769230769231;"sain";0.0392699081698724;"h3"
"V_290_2";52;7;5;0.05;1;4;14.5;"";"Vierzon";290;2;"Quercus_petraea";"C";8.2;16.8;52;25;48.0769230769231;"sain";0.00196349540849362;"h2"
"V_290_2";52;8;5;0.05;3;3;15;"";"Vierzon";290;2;"Quercus_petraea";"C";8.2;16.8;52;25;48.0769230769231;"sain";0.00589048622548086;"h2"
"V_290_2";52;9;10;0.1;5;1;16;"";"Vierzon";290;2;"Quercus_petraea";"C";8.2;16.8;52;25;48.0769230769231;"sain";0.0392699081698724;"h2"
"V_290_2";52;10;5;0.05;3;2;19;"";"Vierzon";290;2;"Quercus_petraea";"C";8.2;16.8;52;25;48.0769230769231;"sain";0.00589048622548086;"h2"
"V_290_2";52;11;5;0.05;3;3;22;"";"Vierzon";290;2;"Quercus_petraea";"C";8.2;16.8;52;25;48.0769230769231;"sain";0.00589048622548086;"h3"
"V_290_2";52;12;5;0.05;1;2;26;"";"Vierzon";290;2;"Quercus_petraea";"C";8.2;16.8;52;25;48.0769230769231;"sain";0.00196349540849362;"h3"
"V_290_3";53;1;5;0.05;3;1;15;"";"Vierzon";290;3;"Quercus_petraea";"D";13.6;14.4;53;28;52.8301886792453;"deperissant";0.00589048622548086;"h1"
"V_290_3";53;2;5;0.05;1;2;21;"";"Vierzon";290;3;"Quercus_petraea";"D";13.6;14.4;53;28;52.8301886792453;"deperissant";0.00196349540849362;"h2"
"V_290_3";53;3;5;0.05;3;1;22;"";"Vierzon";290;3;"Quercus_petraea";"D";13.6;14.4;53;28;52.8301886792453;"deperissant";0.00589048622548086;"h2"
"V_290_3";53;4;5;0.05;2;2;23;"";"Vierzon";290;3;"Quercus_petraea";"D";13.6;14.4;53;28;52.8301886792453;"deperissant";0.00392699081698724;"h2"
"V_290_3";53;5;10;0.1;1;2;20;"";"Vierzon";290;3;"Quercus_petraea";"D";13.6;14.4;53;28;52.8301886792453;"deperissant";0.00785398163397448;"h2"
"V_290_4";50;1;5;0.05;5;2;13;"";"Vierzon";290;4;"Quercus_petraea";"D";8.9;16.1;50;25;50;"deperissant";0.0098174770424681;"h1"
"V_63_1";46;1;5;0.05;3;3;20;"";"Vierzon";63;1;"Quercus";"C";NA;NA;46;28;60.8695652173913;"sain";0.00589048622548086;NA
"V_63_1";46;2;10;0.1;3;3;17;"";"Vierzon";63;1;"Quercus";"C";NA;NA;46;28;60.8695652173913;"sain";0.0235619449019235;NA
"V_63_1";46;3;5;0.05;4;1;25;"";"Vierzon";63;1;"Quercus";"C";NA;NA;46;28;60.8695652173913;"sain";0.00785398163397448;NA
"V_63_1";46;4;5;0.05;2;3;26.5;"";"Vierzon";63;1;"Quercus";"C";NA;NA;46;28;60.8695652173913;"sain";0.00392699081698724;NA
"V_63_2";51;1;10;0.1;4;3;15.5;"";"Vierzon";63;2;"Quercus_robur";"C";18;17;51;35;68.6274509803922;"sain";0.0314159265358979;"2t"
"V_63_3";58;1;15;0.15;3;3;16.5;"";"Vierzon";63;3;"Quercus_robur";"C";17.3;19.7;58;37;63.7931034482759;"sain";0.0530143760293278;"2t"
"V_63_3";58;2;10;0.1;4;3;16.5;"";"Vierzon";63;3;"Quercus_robur";"C";17.3;19.7;58;37;63.7931034482759;"sain";0.0314159265358979;"2t"
"V_63_3";58;3;5;0.05;3;3;22;"";"Vierzon";63;3;"Quercus_robur";"C";17.3;19.7;58;37;63.7931034482759;"sain";0.00589048622548086;"h1"
"V_63_3";58;4;5;0.05;3;3;22;"";"Vierzon";63;3;"Quercus_robur";"C";17.3;19.7;58;37;63.7931034482759;"sain";0.00589048622548086;"h1"
"V_63_3";58;5;5;0.05;7;1;19;"";"Vierzon";63;3;"Quercus_robur";"C";17.3;19.7;58;37;63.7931034482759;"sain";0.0137444678594553;"h1"
"V_63_4";58;1;10;0.1;5;3;22;"";"Vierzon";63;4;"Quercus_robur";"C";11;26;58;37;63.7931034482759;"sain";0.0392699081698724;"h2"
"V_63_4";58;2;5;0.05;3;3;22;"";"Vierzon";63;4;"Quercus_robur";"C";11;26;58;37;63.7931034482759;"sain";0.00589048622548086;"h2"
"V_63_4";58;3;5;0.05;3;2;23;"";"Vierzon";63;4;"Quercus_robur";"C";11;26;58;37;63.7931034482759;"sain";0.00589048622548086;"h2"
"V_63_4";58;4;5;0.05;3;4;20;"";"Vierzon";63;4;"Quercus_robur";"C";11;26;58;37;63.7931034482759;"sain";0.00589048622548086;"h2"
"V_63_4";58;5;5;0.05;1;4;20;"";"Vierzon";63;4;"Quercus_robur";"C";11;26;58;37;63.7931034482759;"sain";0.00196349540849362;"h2"
"V_63_4";58;6;5;0.05;2;2;16;"";"Vierzon";63;4;"Quercus_robur";"C";11;26;58;37;63.7931034482759;"sain";0.00392699081698724;"h1"
"V_63_4";58;7;5;0.05;1;2;22;"";"Vierzon";63;4;"Quercus_robur";"C";11;26;58;37;63.7931034482759;"sain";0.00196349540849362;"h2"
"V_71_1";94;1;5;0.05;1;2;6;"";"Vierzon";71;1;"Quercus_robur";"C";12.4;17.6;94;30;31.9148936170213;"sain";0.00196349540849362;"2t"
"V_71_1";94;2;5;0.05;1;4;6.5;"";"Vierzon";71;1;"Quercus_robur";"C";12.4;17.6;94;30;31.9148936170213;"sain";0.00196349540849362;"2t"
"V_71_1";94;3;5;0.05;1;4;10;"";"Vierzon";71;1;"Quercus_robur";"C";12.4;17.6;94;30;31.9148936170213;"sain";0.00196349540849362;"2t"
"V_71_1";94;4;5;0.05;1;3;4;"";"Vierzon";71;1;"Quercus_robur";"C";12.4;17.6;94;30;31.9148936170213;"sain";0.00196349540849362;"2t"
"V_71_1";94;5;5;0.05;2;4;10.5;"";"Vierzon";71;1;"Quercus_robur";"C";12.4;17.6;94;30;31.9148936170213;"sain";0.00392699081698724;"2t"
"V_71_1";94;6;20;0.2;2;4;6;"";"Vierzon";71;1;"Quercus_robur";"C";12.4;17.6;94;30;31.9148936170213;"sain";0.0628318530717959;"2t"
"V_71_1";94;7;5;0.05;1;1;6;"";"Vierzon";71;1;"Quercus_robur";"C";12.4;17.6;94;30;31.9148936170213;"sain";0.00196349540849362;"2t"
"V_71_1";94;8;5;0.05;1;4;11;"";"Vierzon";71;1;"Quercus_robur";"C";12.4;17.6;94;30;31.9148936170213;"sain";0.00196349540849362;"2t"
"V_71_1";94;9;10;0.1;3;2;20;"";"Vierzon";71;1;"Quercus_robur";"C";12.4;17.6;94;30;31.9148936170213;"sain";0.0235619449019235;"h2"
"V_71_1";94;10;5;0.05;2;3;19;"";"Vierzon";71;1;"Quercus_robur";"C";12.4;17.6;94;30;31.9148936170213;"sain";0.00392699081698724;"h2"
"V_71_1";94;11;5;0.05;3;3;22.5;"";"Vierzon";71;1;"Quercus_robur";"C";12.4;17.6;94;30;31.9148936170213;"sain";0.00589048622548086;"h2"
"V_71_1";94;12;5;0.05;1;2;23.5;"";"Vierzon";71;1;"Quercus_robur";"C";12.4;17.6;94;30;31.9148936170213;"sain";0.00196349540849362;"h2"
"V_71_1";94;13;5;0.05;1;4;19;"";"Vierzon";71;1;"Quercus_robur";"C";12.4;17.6;94;30;31.9148936170213;"sain";0.00196349540849362;"h2"
"V_71_2";55;1;5;0.05;2;3;12;"";"Vierzon";71;2;"Quercus_robur";"D";12.1;10.9;55;23;41.8181818181818;"deperissant";0.00392699081698724;"2t"
"V_71_3";78;1;5;0.05;2;3;6.5;"";"Vierzon";71;3;"Quercus_robur";"C";5.2;23.8;78;29;37.1794871794872;"sain";0.00392699081698724;"h1"
"V_71_3";78;2;5;0.05;4;4;7.5;"";"Vierzon";71;3;"Quercus_robur";"C";5.2;23.8;78;29;37.1794871794872;"sain";0.00785398163397448;"h1"
"V_71_3";78;3;5;0.05;1;3;12;"";"Vierzon";71;3;"Quercus_robur";"C";5.2;23.8;78;29;37.1794871794872;"sain";0.00196349540849362;"h1"
"V_71_3";78;4;5;0.05;1;4;15;"";"Vierzon";71;3;"Quercus_robur";"C";5.2;23.8;78;29;37.1794871794872;"sain";0.00196349540849362;"h2"
"V_71_3";78;5;10;0.1;1;3;15;"";"Vierzon";71;3;"Quercus_robur";"C";5.2;23.8;78;29;37.1794871794872;"sain";0.00785398163397448;"h2"
"V_71_3";78;6;5;0.05;1;3;16.5;"";"Vierzon";71;3;"Quercus_robur";"C";5.2;23.8;78;29;37.1794871794872;"sain";0.00196349540849362;"h2"
"V_71_3";78;7;5;0.05;1;2;16;"";"Vierzon";71;3;"Quercus_robur";"C";5.2;23.8;78;29;37.1794871794872;"sain";0.00196349540849362;"h2"
"V_71_3";78;8;5;0.05;1;4;18;"";"Vierzon";71;3;"Quercus_robur";"C";5.2;23.8;78;29;37.1794871794872;"sain";0.00196349540849362;"h2"
"V_71_3";78;9;5;0.05;3;4;15;"";"Vierzon";71;3;"Quercus_robur";"C";5.2;23.8;78;29;37.1794871794872;"sain";0.00589048622548086;"h2"
"V_71_3";78;10;5;0.05;1;3;17;"";"Vierzon";71;3;"Quercus_robur";"C";5.2;23.8;78;29;37.1794871794872;"sain";0.00196349540849362;"h2"
"V_71_3";78;11;5;0.05;1;3;7;"";"Vierzon";71;3;"Quercus_robur";"C";5.2;23.8;78;29;37.1794871794872;"sain";0.00196349540849362;"h1"
"V_71_4";55;1;5;0.05;1;1;9;"";"Vierzon";71;4;"Quercus_robur";"D";8;12;55;20;36.3636363636364;"deperissant";0.00196349540849362;"h1"
"V_71_4";55;2;10;0.1;1;3;14;"";"Vierzon";71;4;"Quercus_robur";"D";8;12;55;20;36.3636363636364;"deperissant";0.00785398163397448;"h2"
"V_71_4";55;3;5;0.05;1;4;18.5;"";"Vierzon";71;4;"Quercus_robur";"D";8;12;55;20;36.3636363636364;"deperissant";0.00196349540849362;"h3"
"V_81_1";65;1;5;0.05;2;4;13;"";"Vierzon";81;1;"Quercus_robur";"C";13;17;65;30;46.1538461538462;"sain";0.00392699081698724;"2t"
"V_81_1";65;2;5;0.05;1;3;14;"";"Vierzon";81;1;"Quercus_robur";"C";13;17;65;30;46.1538461538462;"sain";0.00196349540849362;"h1"
"V_81_1";65;3;10;0.1;2;3;17;"";"Vierzon";81;1;"Quercus_robur";"C";13;17;65;30;46.1538461538462;"sain";0.015707963267949;"h1"
"V_81_1";65;4;10;0.1;1;2;18;"";"Vierzon";81;1;"Quercus_robur";"C";13;17;65;30;46.1538461538462;"sain";0.00785398163397448;"h1"
"V_81_1";65;5;5;0.05;1;2;18;"";"Vierzon";81;1;"Quercus_robur";"C";13;17;65;30;46.1538461538462;"sain";0.00196349540849362;"h1"
"V_81_1";65;6;5;0.05;3;2;18;"";"Vierzon";81;1;"Quercus_robur";"C";13;17;65;30;46.1538461538462;"sain";0.00589048622548086;"h1"
"V_81_2";44;1;5;0.05;2;4;13;"";"Vierzon";81;2;"Quercus_robur";"E";13.8;16.2;44;30;68.1818181818182;"deperissant";0.00392699081698724;"2t"
"V_81_2";44;2;5;0.05;3;2;22.5;"";"Vierzon";81;2;"Quercus_robur";"E";13.8;16.2;44;30;68.1818181818182;"deperissant";0.00589048622548086;"h2"
"V_81_2";44;3;5;0.05;4;3;21;"";"Vierzon";81;2;"Quercus_robur";"E";13.8;16.2;44;30;68.1818181818182;"deperissant";0.00785398163397448;"h2"
"V_81_2";44;4;5;0.05;1;4;18;"";"Vierzon";81;2;"Quercus_robur";"E";13.8;16.2;44;30;68.1818181818182;"deperissant";0.00196349540849362;"h1"
"V_81_2";44;5;5;0.05;4;4;10;"";"Vierzon";81;2;"Quercus_robur";"E";13.8;16.2;44;30;68.1818181818182;"deperissant";0.00785398163397448;"2t"
"V_81_3";49;1;5;0.05;1;4;11.5;"";"Vierzon";81;3;"Quercus_robur";"D";16.4;11.6;49;28;57.1428571428571;"deperissant";0.00196349540849362;"2t"
"V_81_3";49;2;10;0.1;6;2;16;"";"Vierzon";81;3;"Quercus_robur";"D";16.4;11.6;49;28;57.1428571428571;"deperissant";0.0471238898038469;"2t"
"V_81_3";49;3;10;0.1;5;3;17;"";"Vierzon";81;3;"Quercus_robur";"D";16.4;11.6;49;28;57.1428571428571;"deperissant";0.0392699081698724;"h1"
"V_81_3";49;4;5;0.05;4;2;20.5;"";"Vierzon";81;3;"Quercus_robur";"D";16.4;11.6;49;28;57.1428571428571;"deperissant";0.00785398163397448;"h2"
"V_81_3";49;5;10;0.1;2;3;15;"";"Vierzon";81;3;"Quercus_robur";"D";16.4;11.6;49;28;57.1428571428571;"deperissant";0.015707963267949;"2t"
"V_81_3";49;6;10;0.1;1;2;21;"";"Vierzon";81;3;"Quercus_robur";"D";16.4;11.6;49;28;57.1428571428571;"deperissant";0.00785398163397448;"h2"
"V_81_4";44;1;10;0.1;4;3;14.5;"";"Vierzon";81;4;"Quercus_robur";"D";8.5;20.5;44;29;65.9090909090909;"deperissant";0.0314159265358979;"h1"
"V_81_4";44;2;10;0.1;6;3;18;"";"Vierzon";81;4;"Quercus_robur";"D";8.5;20.5;44;29;65.9090909090909;"deperissant";0.0471238898038469;"h2"
"V_81_4";44;3;5;0.05;2;2;18;"";"Vierzon";81;4;"Quercus_robur";"D";8.5;20.5;44;29;65.9090909090909;"deperissant";0.00392699081698724;"h2"
"V_81_4";44;4;10;0.1;2;3;21;"";"Vierzon";81;4;"Quercus_robur";"D";8.5;20.5;44;29;65.9090909090909;"deperissant";0.015707963267949;"h2"
"V_81_4";44;5;5;0.05;1;2;21;"";"Vierzon";81;4;"Quercus_robur";"D";8.5;20.5;44;29;65.9090909090909;"deperissant";0.00196349540849362;"h2"
"V_81_4";44;6;5;0.05;1;3;16;"";"Vierzon";81;4;"Quercus_robur";"D";8.5;20.5;44;29;65.9090909090909;"deperissant";0.00196349540849362;"h2"
